Insert into MOVIESOFFERED values('O00000001','E0001','M00000001','ME001',0.7,'N');
Insert into MOVIESOFFERED values('O00000002','E0002','M00000002','ME002',0.8,'Y');
Insert into MOVIESOFFERED values('O00000003','E0003','M00000003','ME001',1.5,'N');
Insert into MOVIESOFFERED values('O00000004','E0004','M00000004','ME001',1.2,'N');
Insert into MOVIESOFFERED values('O00000005','E0005','M00000005','ME002',0.85,'Y');
Insert into MOVIESOFFERED values('O00000006','E0006','M00000006','ME002',2.1,'Y');
Insert into MOVIESOFFERED values('O00000007','E0001','M00000007','ME001',2.1,'N');
Insert into MOVIESOFFERED values('O00000008','E0002','M00000008','ME002',1.3,'Y');
Insert into MOVIESOFFERED values('O00000009','E0003','M00000009','ME001',1.7,'N');
Insert into MOVIESOFFERED values('O00000010','E0004','M00000010','ME002',0.7,'Y');
Insert into MOVIESOFFERED values('O00000011','E0005','M00000011','ME002',0.8,'Y');
Insert into MOVIESOFFERED values('O00000012','E0006','M00000012','ME001',1.5,'N');
Insert into MOVIESOFFERED values('O00000013','E0001','M00000013','ME002',1.2,'Y');
Insert into MOVIESOFFERED values('O00000014','E0002','M00000014','ME001',0.85,'N');
Insert into MOVIESOFFERED values('O00000015','E0003','M00000015','ME002',2.1,'Y');
Insert into MOVIESOFFERED values('O00000016','E0004','M00000016','ME002',2.1,'Y');
Insert into MOVIESOFFERED values('O00000017','E0005','M00000017','ME001',1.3,'N');
Insert into MOVIESOFFERED values('O00000018','E0006','M00000018','ME002',1.7,'Y');
Insert into MOVIESOFFERED values('O00000019','E0001','M00000019','ME001',0.7,'N');
Insert into MOVIESOFFERED values('O00000020','E0002','M00000020','ME002',0.8,'Y');
Insert into MOVIESOFFERED values('O00000021','E0003','M00000021','ME001',1.5,'N');
Insert into MOVIESOFFERED values('O00000022','E0004','M00000022','ME001',1.2,'N');
Insert into MOVIESOFFERED values('O00000023','E0005','M00000023','ME002',0.85,'Y');
Insert into MOVIESOFFERED values('O00000024','E0006','M00000024','ME002',2.1,'Y');
Insert into MOVIESOFFERED values('O00000025','E0001','M00000025','ME001',2.1,'N');
Insert into MOVIESOFFERED values('O00000026','E0002','M00000026','ME002',1.3,'Y');
Insert into MOVIESOFFERED values('O00000027','E0003','M00000027','ME001',1.7,'N');
Insert into MOVIESOFFERED values('O00000028','E0004','M00000028','ME002',0.7,'Y');
Insert into MOVIESOFFERED values('O00000029','E0005','M00000029','ME002',0.8,'Y');
Insert into MOVIESOFFERED values('O00000030','E0006','M00000030','ME001',1.5,'N');
Insert into MOVIESOFFERED values('O00000031','E0001','M00000031','ME002',1.2,'Y');
Insert into MOVIESOFFERED values('O00000032','E0002','M00000032','ME001',0.85,'N');
Insert into MOVIESOFFERED values('O00000033','E0003','M00000033','ME002',2.1,'Y');
Insert into MOVIESOFFERED values('O00000034','E0004','M00000034','ME002',2.1,'Y');
Insert into MOVIESOFFERED values('O00000035','E0005','M00000035','ME001',1.3,'N');
Insert into MOVIESOFFERED values('O00000036','E0006','M00000036','ME002',1.7,'Y');
Insert into MOVIESOFFERED values('O00000037','E0001','M00000037','ME001',0.7,'N');
Insert into MOVIESOFFERED values('O00000038','E0002','M00000038','ME002',0.8,'Y');
Insert into MOVIESOFFERED values('O00000039','E0003','M00000039','ME001',1.5,'N');
Insert into MOVIESOFFERED values('O00000040','E0004','M00000040','ME001',1.2,'N');
Insert into MOVIESOFFERED values('O00000041','E0005','M00000041','ME002',0.85,'Y');
Insert into MOVIESOFFERED values('O00000042','E0006','M00000042','ME002',2.1,'Y');
Insert into MOVIESOFFERED values('O00000043','E0001','M00000043','ME001',2.1,'N');
Insert into MOVIESOFFERED values('O00000044','E0002','M00000044','ME002',1.3,'Y');
Insert into MOVIESOFFERED values('O00000045','E0003','M00000045','ME001',1.7,'N');
Insert into MOVIESOFFERED values('O00000046','E0004','M00000046','ME002',0.7,'Y');
Insert into MOVIESOFFERED values('O00000047','E0005','M00000047','ME002',0.8,'Y');
Insert into MOVIESOFFERED values('O00000048','E0006','M00000048','ME001',1.5,'N');
Insert into MOVIESOFFERED values('O00000049','E0001','M00000049','ME002',1.2,'Y');
Insert into MOVIESOFFERED values('O00000050','E0002','M00000050','ME001',0.85,'N');
Insert into MOVIESOFFERED values('O00000051','E0003','M00000051','ME002',2.1,'Y');
Insert into MOVIESOFFERED values('O00000052','E0004','M00000052','ME002',2.1,'Y');
Insert into MOVIESOFFERED values('O00000053','E0005','M00000053','ME001',1.3,'N');
Insert into MOVIESOFFERED values('O00000054','E0006','M00000054','ME002',1.7,'Y');
Insert into MOVIESOFFERED values('O00000055','E0001','M00000055','ME001',0.7,'N');
Insert into MOVIESOFFERED values('O00000056','E0002','M00000056','ME002',0.8,'Y');
Insert into MOVIESOFFERED values('O00000057','E0003','M00000057','ME001',1.5,'N');
Insert into MOVIESOFFERED values('O00000058','E0004','M00000058','ME001',1.2,'N');
Insert into MOVIESOFFERED values('O00000059','E0005','M00000059','ME002',0.85,'Y');
Insert into MOVIESOFFERED values('O00000060','E0006','M00000060','ME002',2.1,'Y');
Insert into MOVIESOFFERED values('O00000061','E0001','M00000061','ME001',2.1,'N');
Insert into MOVIESOFFERED values('O00000062','E0002','M00000062','ME002',1.3,'Y');
Insert into MOVIESOFFERED values('O00000063','E0003','M00000063','ME001',1.7,'N');
Insert into MOVIESOFFERED values('O00000064','E0004','M00000064','ME002',0.7,'Y');
Insert into MOVIESOFFERED values('O00000065','E0005','M00000065','ME002',0.8,'Y');
Insert into MOVIESOFFERED values('O00000066','E0006','M00000066','ME001',1.5,'N');
Insert into MOVIESOFFERED values('O00000067','E0001','M00000067','ME002',1.2,'Y');
Insert into MOVIESOFFERED values('O00000068','E0002','M00000068','ME001',0.85,'N');
Insert into MOVIESOFFERED values('O00000069','E0003','M00000069','ME002',2.1,'Y');
Insert into MOVIESOFFERED values('O00000070','E0004','M00000070','ME002',2.1,'Y');
Insert into MOVIESOFFERED values('O00000071','E0005','M00000071','ME001',1.3,'N');
Insert into MOVIESOFFERED values('O00000072','E0006','M00000072','ME002',1.7,'Y');
Insert into MOVIESOFFERED values('O00000073','E0001','M00000073','ME001',0.7,'N');
Insert into MOVIESOFFERED values('O00000074','E0002','M00000074','ME002',0.8,'Y');
Insert into MOVIESOFFERED values('O00000075','E0003','M00000075','ME001',1.5,'N');
Insert into MOVIESOFFERED values('O00000076','E0004','M00000076','ME001',1.2,'N');
Insert into MOVIESOFFERED values('O00000077','E0005','M00000077','ME002',0.85,'Y');
Insert into MOVIESOFFERED values('O00000078','E0006','M00000078','ME002',2.1,'Y');
Insert into MOVIESOFFERED values('O00000079','E0001','M00000079','ME001',2.1,'N');
Insert into MOVIESOFFERED values('O00000080','E0002','M00000080','ME002',1.3,'Y');
Insert into MOVIESOFFERED values('O00000081','E0003','M00000081','ME001',1.7,'N');
Insert into MOVIESOFFERED values('O00000082','E0004','M00000082','ME002',0.7,'Y');
Insert into MOVIESOFFERED values('O00000083','E0005','M00000083','ME002',0.8,'Y');
Insert into MOVIESOFFERED values('O00000084','E0006','M00000084','ME001',1.5,'N');
Insert into MOVIESOFFERED values('O00000085','E0001','M00000085','ME002',1.2,'Y');
Insert into MOVIESOFFERED values('O00000086','E0002','M00000086','ME001',0.85,'N');
Insert into MOVIESOFFERED values('O00000087','E0003','M00000087','ME002',2.1,'Y');
Insert into MOVIESOFFERED values('O00000088','E0004','M00000088','ME002',2.1,'Y');
Insert into MOVIESOFFERED values('O00000089','E0005','M00000089','ME001',1.3,'N');
Insert into MOVIESOFFERED values('O00000090','E0006','M00000090','ME002',1.7,'Y');
Insert into MOVIESOFFERED values('O00000091','E0001','M00000091','ME001',0.7,'N');
Insert into MOVIESOFFERED values('O00000092','E0002','M00000092','ME002',0.8,'Y');
Insert into MOVIESOFFERED values('O00000093','E0003','M00000093','ME001',1.5,'N');
Insert into MOVIESOFFERED values('O00000094','E0004','M00000094','ME001',1.2,'N');
Insert into MOVIESOFFERED values('O00000095','E0005','M00000095','ME002',0.85,'Y');
Insert into MOVIESOFFERED values('O00000096','E0006','M00000096','ME002',2.1,'Y');
Insert into MOVIESOFFERED values('O00000097','E0001','M00000097','ME001',2.1,'N');
Insert into MOVIESOFFERED values('O00000098','E0002','M00000098','ME002',1.3,'Y');
Insert into MOVIESOFFERED values('O00000099','E0003','M00000099','ME001',1.7,'N');
Insert into MOVIESOFFERED values('O00000100','E0004','M00000100','ME002',0.7,'Y');
Insert into MOVIESOFFERED values('O00000101','E0005','M00000101','ME002',0.8,'Y');
Insert into MOVIESOFFERED values('O00000102','E0006','M00000102','ME001',1.5,'N');
Insert into MOVIESOFFERED values('O00000103','E0001','M00000103','ME002',1.2,'Y');
Insert into MOVIESOFFERED values('O00000104','E0002','M00000104','ME001',0.85,'N');
Insert into MOVIESOFFERED values('O00000105','E0003','M00000105','ME002',2.1,'Y');
Insert into MOVIESOFFERED values('O00000106','E0004','M00000106','ME002',2.1,'Y');
Insert into MOVIESOFFERED values('O00000107','E0005','M00000107','ME001',1.3,'N');
Insert into MOVIESOFFERED values('O00000108','E0006','M00000108','ME002',1.7,'Y');
Insert into MOVIESOFFERED values('O00000109','E0001','M00000109','ME001',0.7,'N');
Insert into MOVIESOFFERED values('O00000110','E0002','M00000110','ME002',0.8,'Y');
Insert into MOVIESOFFERED values('O00000111','E0003','M00000111','ME001',1.5,'N');
Insert into MOVIESOFFERED values('O00000112','E0004','M00000112','ME001',1.2,'N');
Insert into MOVIESOFFERED values('O00000113','E0005','M00000113','ME002',0.85,'Y');
Insert into MOVIESOFFERED values('O00000114','E0006','M00000114','ME002',2.1,'Y');
Insert into MOVIESOFFERED values('O00000115','E0001','M00000115','ME001',2.1,'N');
Insert into MOVIESOFFERED values('O00000116','E0002','M00000116','ME002',1.3,'Y');
Insert into MOVIESOFFERED values('O00000117','E0003','M00000117','ME001',1.7,'N');
Insert into MOVIESOFFERED values('O00000118','E0004','M00000118','ME002',0.7,'Y');
Insert into MOVIESOFFERED values('O00000119','E0005','M00000119','ME002',0.8,'Y');
Insert into MOVIESOFFERED values('O00000120','E0006','M00000120','ME001',1.5,'N');
Insert into MOVIESOFFERED values('O00000121','E0001','M00000121','ME002',1.2,'Y');
Insert into MOVIESOFFERED values('O00000122','E0002','M00000122','ME001',0.85,'N');
Insert into MOVIESOFFERED values('O00000123','E0003','M00000123','ME002',2.1,'Y');
Insert into MOVIESOFFERED values('O00000124','E0004','M00000124','ME002',2.1,'Y');
Insert into MOVIESOFFERED values('O00000125','E0005','M00000125','ME001',1.3,'N');
Insert into MOVIESOFFERED values('O00000126','E0006','M00000126','ME002',1.7,'Y');
Insert into MOVIESOFFERED values('O00000127','E0001','M00000127','ME001',0.7,'N');
Insert into MOVIESOFFERED values('O00000128','E0002','M00000128','ME002',0.8,'Y');
Insert into MOVIESOFFERED values('O00000129','E0003','M00000129','ME001',1.5,'N');
Insert into MOVIESOFFERED values('O00000130','E0004','M00000130','ME001',1.2,'N');
Insert into MOVIESOFFERED values('O00000131','E0005','M00000131','ME002',0.85,'Y');
Insert into MOVIESOFFERED values('O00000132','E0006','M00000132','ME002',2.1,'Y');
Insert into MOVIESOFFERED values('O00000133','E0001','M00000133','ME001',2.1,'N');
Insert into MOVIESOFFERED values('O00000134','E0002','M00000134','ME002',1.3,'Y');
Insert into MOVIESOFFERED values('O00000135','E0003','M00000135','ME001',1.7,'N');
Insert into MOVIESOFFERED values('O00000136','E0004','M00000136','ME002',0.7,'Y');
Insert into MOVIESOFFERED values('O00000137','E0005','M00000137','ME002',0.8,'Y');
Insert into MOVIESOFFERED values('O00000138','E0006','M00000138','ME001',1.5,'N');
Insert into MOVIESOFFERED values('O00000139','E0001','M00000139','ME002',1.2,'Y');
Insert into MOVIESOFFERED values('O00000140','E0002','M00000140','ME001',0.85,'N');
Insert into MOVIESOFFERED values('O00000141','E0003','M00000141','ME002',2.1,'Y');
Insert into MOVIESOFFERED values('O00000142','E0004','M00000142','ME002',2.1,'Y');
Insert into MOVIESOFFERED values('O00000143','E0005','M00000143','ME001',1.3,'N');
Insert into MOVIESOFFERED values('O00000144','E0006','M00000144','ME002',1.7,'Y');
Insert into MOVIESOFFERED values('O00000145','E0001','M00000145','ME001',0.7,'N');
Insert into MOVIESOFFERED values('O00000146','E0002','M00000146','ME002',0.8,'Y');
Insert into MOVIESOFFERED values('O00000147','E0003','M00000147','ME001',1.5,'N');
Insert into MOVIESOFFERED values('O00000148','E0004','M00000148','ME001',1.2,'N');
Insert into MOVIESOFFERED values('O00000149','E0005','M00000149','ME002',0.85,'Y');
Insert into MOVIESOFFERED values('O00000150','E0006','M00000150','ME002',2.1,'Y');
Insert into MOVIESOFFERED values('O00000151','E0001','M00000151','ME001',2.1,'N');
Insert into MOVIESOFFERED values('O00000152','E0002','M00000152','ME002',1.3,'Y');
Insert into MOVIESOFFERED values('O00000153','E0003','M00000153','ME001',1.7,'N');
Insert into MOVIESOFFERED values('O00000154','E0004','M00000154','ME002',0.7,'Y');
Insert into MOVIESOFFERED values('O00000155','E0005','M00000155','ME002',0.8,'Y');
Insert into MOVIESOFFERED values('O00000156','E0006','M00000156','ME001',1.5,'N');
Insert into MOVIESOFFERED values('O00000157','E0001','M00000157','ME002',1.2,'Y');
Insert into MOVIESOFFERED values('O00000158','E0002','M00000158','ME001',0.85,'N');
Insert into MOVIESOFFERED values('O00000159','E0003','M00000159','ME002',2.1,'Y');
Insert into MOVIESOFFERED values('O00000160','E0004','M00000160','ME002',2.1,'Y');
Insert into MOVIESOFFERED values('O00000161','E0005','M00000161','ME001',1.3,'N');
Insert into MOVIESOFFERED values('O00000162','E0006','M00000162','ME002',1.7,'Y');
Insert into MOVIESOFFERED values('O00000163','E0001','M00000163','ME001',0.7,'N');
Insert into MOVIESOFFERED values('O00000164','E0002','M00000164','ME002',0.8,'Y');
Insert into MOVIESOFFERED values('O00000165','E0003','M00000165','ME001',1.5,'N');
Insert into MOVIESOFFERED values('O00000166','E0004','M00000166','ME001',1.2,'N');
Insert into MOVIESOFFERED values('O00000167','E0005','M00000167','ME002',0.85,'Y');
Insert into MOVIESOFFERED values('O00000168','E0006','M00000168','ME002',2.1,'Y');
Insert into MOVIESOFFERED values('O00000169','E0001','M00000169','ME001',2.1,'N');
Insert into MOVIESOFFERED values('O00000170','E0002','M00000170','ME002',1.3,'Y');
Insert into MOVIESOFFERED values('O00000171','E0003','M00000171','ME001',1.7,'N');
Insert into MOVIESOFFERED values('O00000172','E0004','M00000172','ME002',0.7,'Y');
Insert into MOVIESOFFERED values('O00000173','E0005','M00000173','ME002',0.8,'Y');
Insert into MOVIESOFFERED values('O00000174','E0006','M00000174','ME001',1.5,'N');
Insert into MOVIESOFFERED values('O00000175','E0001','M00000175','ME002',1.2,'Y');
Insert into MOVIESOFFERED values('O00000176','E0002','M00000176','ME001',0.85,'N');
Insert into MOVIESOFFERED values('O00000177','E0003','M00000177','ME002',2.1,'Y');
Insert into MOVIESOFFERED values('O00000178','E0004','M00000178','ME002',2.1,'Y');
Insert into MOVIESOFFERED values('O00000179','E0005','M00000179','ME001',1.3,'N');
Insert into MOVIESOFFERED values('O00000180','E0006','M00000180','ME002',1.7,'Y');
Insert into MOVIESOFFERED values('O00000181','E0001','M00000181','ME001',0.7,'N');
Insert into MOVIESOFFERED values('O00000182','E0002','M00000182','ME002',0.8,'Y');
Insert into MOVIESOFFERED values('O00000183','E0003','M00000183','ME001',1.5,'N');
Insert into MOVIESOFFERED values('O00000184','E0004','M00000184','ME001',1.2,'N');
Insert into MOVIESOFFERED values('O00000185','E0005','M00000185','ME002',0.85,'Y');
Insert into MOVIESOFFERED values('O00000186','E0006','M00000186','ME002',2.1,'Y');
Insert into MOVIESOFFERED values('O00000187','E0001','M00000187','ME001',2.1,'N');
Insert into MOVIESOFFERED values('O00000188','E0002','M00000188','ME002',1.3,'Y');
Insert into MOVIESOFFERED values('O00000189','E0003','M00000189','ME001',1.7,'N');
Insert into MOVIESOFFERED values('O00000190','E0004','M00000190','ME002',0.7,'Y');
Insert into MOVIESOFFERED values('O00000191','E0005','M00000191','ME002',0.8,'Y');
Insert into MOVIESOFFERED values('O00000192','E0006','M00000192','ME001',1.5,'N');
Insert into MOVIESOFFERED values('O00000193','E0001','M00000193','ME002',1.2,'Y');
Insert into MOVIESOFFERED values('O00000194','E0002','M00000194','ME001',0.85,'N');
Insert into MOVIESOFFERED values('O00000195','E0003','M00000195','ME002',2.1,'Y');
Insert into MOVIESOFFERED values('O00000196','E0004','M00000196','ME002',2.1,'Y');
Insert into MOVIESOFFERED values('O00000197','E0005','M00000197','ME001',1.3,'N');
Insert into MOVIESOFFERED values('O00000198','E0006','M00000198','ME002',1.7,'Y');
Insert into MOVIESOFFERED values('O00000199','E0001','M00000199','ME001',0.7,'N');
Insert into MOVIESOFFERED values('O00000200','E0002','M00000200','ME002',0.8,'Y');
Insert into MOVIESOFFERED values('O00000201','E0003','M00000201','ME001',1.5,'N');
Insert into MOVIESOFFERED values('O00000202','E0004','M00000202','ME001',1.2,'N');
Insert into MOVIESOFFERED values('O00000203','E0005','M00000203','ME002',0.85,'Y');
Insert into MOVIESOFFERED values('O00000204','E0006','M00000204','ME002',2.1,'Y');
Insert into MOVIESOFFERED values('O00000205','E0001','M00000205','ME001',2.1,'N');
Insert into MOVIESOFFERED values('O00000206','E0002','M00000206','ME002',1.3,'Y');
Insert into MOVIESOFFERED values('O00000207','E0003','M00000207','ME001',1.7,'N');
Insert into MOVIESOFFERED values('O00000208','E0004','M00000208','ME002',0.7,'Y');
Insert into MOVIESOFFERED values('O00000209','E0005','M00000209','ME002',0.8,'Y');
Insert into MOVIESOFFERED values('O00000210','E0006','M00000210','ME001',1.5,'N');
Insert into MOVIESOFFERED values('O00000211','E0001','M00000211','ME002',1.2,'Y');
Insert into MOVIESOFFERED values('O00000212','E0002','M00000212','ME001',0.85,'N');
Insert into MOVIESOFFERED values('O00000213','E0003','M00000213','ME002',2.1,'Y');
Insert into MOVIESOFFERED values('O00000214','E0004','M00000214','ME002',2.1,'Y');
Insert into MOVIESOFFERED values('O00000215','E0005','M00000215','ME001',1.3,'N');
Insert into MOVIESOFFERED values('O00000216','E0006','M00000216','ME002',1.7,'Y');
Insert into MOVIESOFFERED values('O00000217','E0001','M00000217','ME001',0.7,'N');
Insert into MOVIESOFFERED values('O00000218','E0002','M00000218','ME002',0.8,'Y');
Insert into MOVIESOFFERED values('O00000219','E0003','M00000219','ME001',1.5,'N');
Insert into MOVIESOFFERED values('O00000220','E0004','M00000220','ME001',1.2,'N');
Insert into MOVIESOFFERED values('O00000221','E0005','M00000221','ME002',0.85,'Y');
Insert into MOVIESOFFERED values('O00000222','E0006','M00000222','ME002',2.1,'Y');
Insert into MOVIESOFFERED values('O00000223','E0001','M00000223','ME001',2.1,'N');
Insert into MOVIESOFFERED values('O00000224','E0002','M00000224','ME002',1.3,'Y');
Insert into MOVIESOFFERED values('O00000225','E0003','M00000225','ME001',1.7,'N');
Insert into MOVIESOFFERED values('O00000226','E0004','M00000226','ME002',0.7,'Y');
Insert into MOVIESOFFERED values('O00000227','E0005','M00000227','ME002',0.8,'Y');
Insert into MOVIESOFFERED values('O00000228','E0006','M00000228','ME001',1.5,'N');
Insert into MOVIESOFFERED values('O00000229','E0001','M00000229','ME002',1.2,'Y');
Insert into MOVIESOFFERED values('O00000230','E0002','M00000230','ME001',0.85,'N');
Insert into MOVIESOFFERED values('O00000231','E0003','M00000231','ME002',2.1,'Y');
Insert into MOVIESOFFERED values('O00000232','E0004','M00000232','ME002',2.1,'Y');
Insert into MOVIESOFFERED values('O00000233','E0005','M00000233','ME001',1.3,'N');
Insert into MOVIESOFFERED values('O00000234','E0006','M00000234','ME002',1.7,'Y');
Insert into MOVIESOFFERED values('O00000235','E0001','M00000235','ME001',0.7,'N');
Insert into MOVIESOFFERED values('O00000236','E0002','M00000236','ME002',0.8,'Y');
Insert into MOVIESOFFERED values('O00000237','E0003','M00000237','ME001',1.5,'N');
Insert into MOVIESOFFERED values('O00000238','E0004','M00000238','ME001',1.2,'N');
Insert into MOVIESOFFERED values('O00000239','E0005','M00000239','ME002',0.85,'Y');
Insert into MOVIESOFFERED values('O00000240','E0006','M00000240','ME002',2.1,'Y');
Insert into MOVIESOFFERED values('O00000241','E0001','M00000241','ME001',2.1,'N');
Insert into MOVIESOFFERED values('O00000242','E0002','M00000242','ME002',1.3,'Y');
Insert into MOVIESOFFERED values('O00000243','E0003','M00000243','ME001',1.7,'N');
Insert into MOVIESOFFERED values('O00000244','E0004','M00000244','ME002',0.7,'Y');
Insert into MOVIESOFFERED values('O00000245','E0005','M00000245','ME002',0.8,'Y');
Insert into MOVIESOFFERED values('O00000246','E0006','M00000246','ME001',1.5,'N');
Insert into MOVIESOFFERED values('O00000247','E0001','M00000247','ME002',1.2,'Y');
Insert into MOVIESOFFERED values('O00000248','E0002','M00000248','ME001',0.85,'N');
Insert into MOVIESOFFERED values('O00000249','E0003','M00000249','ME002',2.1,'Y');
Insert into MOVIESOFFERED values('O00000250','E0004','M00000250','ME002',2.1,'Y');
Insert into MOVIESOFFERED values('O00000251','E0005','M00000251','ME001',1.3,'N');
Insert into MOVIESOFFERED values('O00000252','E0006','M00000252','ME002',1.7,'Y');
Insert into MOVIESOFFERED values('O00000253','E0001','M00000253','ME001',0.7,'N');
Insert into MOVIESOFFERED values('O00000254','E0002','M00000254','ME002',0.8,'Y');
Insert into MOVIESOFFERED values('O00000255','E0003','M00000255','ME001',1.5,'N');
Insert into MOVIESOFFERED values('O00000256','E0004','M00000256','ME001',1.2,'N');
Insert into MOVIESOFFERED values('O00000257','E0005','M00000257','ME002',0.85,'Y');
Insert into MOVIESOFFERED values('O00000258','E0006','M00000258','ME002',2.1,'Y');
Insert into MOVIESOFFERED values('O00000259','E0001','M00000259','ME001',2.1,'N');
Insert into MOVIESOFFERED values('O00000260','E0002','M00000260','ME002',1.3,'Y');
Insert into MOVIESOFFERED values('O00000261','E0003','M00000261','ME001',1.7,'N');
Insert into MOVIESOFFERED values('O00000262','E0004','M00000262','ME002',0.7,'Y');
Insert into MOVIESOFFERED values('O00000263','E0005','M00000263','ME002',0.8,'Y');
Insert into MOVIESOFFERED values('O00000264','E0006','M00000264','ME001',1.5,'N');
Insert into MOVIESOFFERED values('O00000265','E0001','M00000265','ME002',1.2,'Y');
Insert into MOVIESOFFERED values('O00000266','E0002','M00000266','ME001',0.85,'N');
Insert into MOVIESOFFERED values('O00000267','E0003','M00000267','ME002',2.1,'Y');
Insert into MOVIESOFFERED values('O00000268','E0004','M00000268','ME002',2.1,'Y');
Insert into MOVIESOFFERED values('O00000269','E0005','M00000269','ME001',1.3,'N');
Insert into MOVIESOFFERED values('O00000270','E0006','M00000270','ME002',1.7,'Y');
Insert into MOVIESOFFERED values('O00000271','E0001','M00000271','ME001',0.7,'N');
Insert into MOVIESOFFERED values('O00000272','E0002','M00000272','ME002',0.8,'Y');
Insert into MOVIESOFFERED values('O00000273','E0003','M00000273','ME001',1.5,'N');
Insert into MOVIESOFFERED values('O00000274','E0004','M00000274','ME001',1.2,'N');
Insert into MOVIESOFFERED values('O00000275','E0005','M00000275','ME002',0.85,'Y');
Insert into MOVIESOFFERED values('O00000276','E0006','M00000276','ME002',2.1,'Y');
Insert into MOVIESOFFERED values('O00000277','E0001','M00000277','ME001',2.1,'N');
Insert into MOVIESOFFERED values('O00000278','E0002','M00000278','ME002',1.3,'Y');
Insert into MOVIESOFFERED values('O00000279','E0003','M00000279','ME001',1.7,'N');
Insert into MOVIESOFFERED values('O00000280','E0004','M00000280','ME002',0.7,'Y');
Insert into MOVIESOFFERED values('O00000281','E0005','M00000281','ME002',0.8,'Y');
Insert into MOVIESOFFERED values('O00000282','E0006','M00000282','ME001',1.5,'N');
Insert into MOVIESOFFERED values('O00000283','E0001','M00000283','ME002',1.2,'Y');
Insert into MOVIESOFFERED values('O00000284','E0002','M00000284','ME001',0.85,'N');
Insert into MOVIESOFFERED values('O00000285','E0003','M00000285','ME002',2.1,'Y');
Insert into MOVIESOFFERED values('O00000286','E0004','M00000286','ME002',2.1,'Y');
Insert into MOVIESOFFERED values('O00000287','E0005','M00000287','ME001',1.3,'N');
Insert into MOVIESOFFERED values('O00000288','E0006','M00000288','ME002',1.7,'Y');
Insert into MOVIESOFFERED values('O00000289','E0001','M00000289','ME001',0.7,'N');
Insert into MOVIESOFFERED values('O00000290','E0002','M00000290','ME002',0.8,'Y');
Insert into MOVIESOFFERED values('O00000291','E0003','M00000291','ME001',1.5,'N');
Insert into MOVIESOFFERED values('O00000292','E0004','M00000292','ME001',1.2,'N');
Insert into MOVIESOFFERED values('O00000293','E0005','M00000293','ME002',0.85,'Y');
Insert into MOVIESOFFERED values('O00000294','E0006','M00000294','ME002',2.1,'Y');
Insert into MOVIESOFFERED values('O00000295','E0001','M00000295','ME001',2.1,'N');
Insert into MOVIESOFFERED values('O00000296','E0002','M00000296','ME002',1.3,'Y');
Insert into MOVIESOFFERED values('O00000297','E0003','M00000297','ME001',1.7,'N');
Insert into MOVIESOFFERED values('O00000298','E0004','M00000298','ME002',0.7,'Y');
Insert into MOVIESOFFERED values('O00000299','E0005','M00000299','ME002',0.8,'Y');
Insert into MOVIESOFFERED values('O00000300','E0006','M00000300','ME001',1.5,'N');
Insert into MOVIESOFFERED values('O00000301','E0001','M00000301','ME002',1.2,'Y');
Insert into MOVIESOFFERED values('O00000302','E0002','M00000302','ME001',0.85,'N');
Insert into MOVIESOFFERED values('O00000303','E0003','M00000303','ME002',2.1,'Y');
Insert into MOVIESOFFERED values('O00000304','E0004','M00000304','ME002',2.1,'Y');
Insert into MOVIESOFFERED values('O00000305','E0005','M00000305','ME001',1.3,'N');
Insert into MOVIESOFFERED values('O00000306','E0006','M00000306','ME002',1.7,'Y');
Insert into MOVIESOFFERED values('O00000307','E0001','M00000307','ME001',0.7,'N');
Insert into MOVIESOFFERED values('O00000308','E0002','M00000308','ME002',0.8,'Y');
Insert into MOVIESOFFERED values('O00000309','E0003','M00000309','ME001',1.5,'N');
Insert into MOVIESOFFERED values('O00000310','E0004','M00000310','ME001',1.2,'N');
Insert into MOVIESOFFERED values('O00000311','E0005','M00000311','ME002',0.85,'Y');
Insert into MOVIESOFFERED values('O00000312','E0006','M00000312','ME002',2.1,'Y');
Insert into MOVIESOFFERED values('O00000313','E0001','M00000313','ME001',2.1,'N');
Insert into MOVIESOFFERED values('O00000314','E0002','M00000314','ME002',1.3,'Y');
Insert into MOVIESOFFERED values('O00000315','E0003','M00000315','ME001',1.7,'N');
Insert into MOVIESOFFERED values('O00000316','E0004','M00000316','ME002',0.7,'Y');
Insert into MOVIESOFFERED values('O00000317','E0005','M00000317','ME002',0.8,'Y');
Insert into MOVIESOFFERED values('O00000318','E0006','M00000318','ME001',1.5,'N');
Insert into MOVIESOFFERED values('O00000319','E0001','M00000319','ME002',1.2,'Y');
Insert into MOVIESOFFERED values('O00000320','E0002','M00000320','ME001',0.85,'N');
Insert into MOVIESOFFERED values('O00000321','E0003','M00000321','ME002',2.1,'Y');
Insert into MOVIESOFFERED values('O00000322','E0004','M00000322','ME002',2.1,'Y');
Insert into MOVIESOFFERED values('O00000323','E0005','M00000323','ME001',1.3,'N');
Insert into MOVIESOFFERED values('O00000324','E0006','M00000324','ME002',1.7,'Y');
Insert into MOVIESOFFERED values('O00000325','E0001','M00000325','ME001',0.7,'N');
Insert into MOVIESOFFERED values('O00000326','E0002','M00000326','ME002',0.8,'Y');
Insert into MOVIESOFFERED values('O00000327','E0003','M00000327','ME001',1.5,'N');
Insert into MOVIESOFFERED values('O00000328','E0004','M00000328','ME001',1.2,'N');
Insert into MOVIESOFFERED values('O00000329','E0005','M00000329','ME002',0.85,'Y');
Insert into MOVIESOFFERED values('O00000330','E0006','M00000330','ME002',2.1,'Y');
Insert into MOVIESOFFERED values('O00000331','E0001','M00000331','ME001',2.1,'N');
Insert into MOVIESOFFERED values('O00000332','E0002','M00000332','ME002',1.3,'Y');
Insert into MOVIESOFFERED values('O00000333','E0003','M00000333','ME001',1.7,'N');
Insert into MOVIESOFFERED values('O00000334','E0004','M00000334','ME002',0.7,'Y');
Insert into MOVIESOFFERED values('O00000335','E0005','M00000335','ME002',0.8,'Y');
Insert into MOVIESOFFERED values('O00000336','E0006','M00000336','ME001',1.5,'N');
Insert into MOVIESOFFERED values('O00000337','E0001','M00000337','ME002',1.2,'Y');
Insert into MOVIESOFFERED values('O00000338','E0002','M00000338','ME001',0.85,'N');
Insert into MOVIESOFFERED values('O00000339','E0003','M00000339','ME002',2.1,'Y');
Insert into MOVIESOFFERED values('O00000340','E0004','M00000340','ME002',2.1,'Y');
Insert into MOVIESOFFERED values('O00000341','E0005','M00000341','ME001',1.3,'N');
Insert into MOVIESOFFERED values('O00000342','E0006','M00000342','ME002',1.7,'Y');
Insert into MOVIESOFFERED values('O00000343','E0001','M00000343','ME001',0.7,'N');
Insert into MOVIESOFFERED values('O00000344','E0002','M00000344','ME002',0.8,'Y');
Insert into MOVIESOFFERED values('O00000345','E0003','M00000345','ME001',1.5,'N');
Insert into MOVIESOFFERED values('O00000346','E0004','M00000346','ME001',1.2,'N');
Insert into MOVIESOFFERED values('O00000347','E0005','M00000347','ME002',0.85,'Y');
Insert into MOVIESOFFERED values('O00000348','E0006','M00000348','ME002',2.1,'Y');
Insert into MOVIESOFFERED values('O00000349','E0001','M00000349','ME001',2.1,'N');
Insert into MOVIESOFFERED values('O00000350','E0002','M00000350','ME002',1.3,'Y');
Insert into MOVIESOFFERED values('O00000351','E0003','M00000351','ME001',1.7,'N');
Insert into MOVIESOFFERED values('O00000352','E0004','M00000352','ME002',0.7,'Y');
Insert into MOVIESOFFERED values('O00000353','E0005','M00000353','ME002',0.8,'Y');
Insert into MOVIESOFFERED values('O00000354','E0006','M00000354','ME001',1.5,'N');
Insert into MOVIESOFFERED values('O00000355','E0001','M00000355','ME002',1.2,'Y');
Insert into MOVIESOFFERED values('O00000356','E0002','M00000356','ME001',0.85,'N');
Insert into MOVIESOFFERED values('O00000357','E0003','M00000357','ME002',2.1,'Y');
Insert into MOVIESOFFERED values('O00000358','E0004','M00000358','ME002',2.1,'Y');
Insert into MOVIESOFFERED values('O00000359','E0005','M00000359','ME001',1.3,'N');
Insert into MOVIESOFFERED values('O00000360','E0006','M00000360','ME002',1.7,'Y');
Insert into MOVIESOFFERED values('O00000361','E0001','M00000361','ME001',0.7,'N');
Insert into MOVIESOFFERED values('O00000362','E0002','M00000362','ME002',0.8,'Y');
Insert into MOVIESOFFERED values('O00000363','E0003','M00000363','ME001',1.5,'N');
Insert into MOVIESOFFERED values('O00000364','E0004','M00000364','ME001',1.2,'N');
Insert into MOVIESOFFERED values('O00000365','E0005','M00000365','ME002',0.85,'Y');
Insert into MOVIESOFFERED values('O00000366','E0006','M00000366','ME002',2.1,'Y');
Insert into MOVIESOFFERED values('O00000367','E0001','M00000367','ME001',2.1,'N');
Insert into MOVIESOFFERED values('O00000368','E0002','M00000368','ME002',1.3,'Y');
Insert into MOVIESOFFERED values('O00000369','E0003','M00000369','ME001',1.7,'N');
Insert into MOVIESOFFERED values('O00000370','E0004','M00000370','ME002',0.7,'Y');
Insert into MOVIESOFFERED values('O00000371','E0005','M00000371','ME002',0.8,'Y');
Insert into MOVIESOFFERED values('O00000372','E0006','M00000372','ME001',1.5,'N');
Insert into MOVIESOFFERED values('O00000373','E0001','M00000373','ME002',1.2,'Y');
Insert into MOVIESOFFERED values('O00000374','E0002','M00000374','ME001',0.85,'N');
Insert into MOVIESOFFERED values('O00000375','E0003','M00000375','ME002',2.1,'Y');
Insert into MOVIESOFFERED values('O00000376','E0004','M00000376','ME002',2.1,'Y');
Insert into MOVIESOFFERED values('O00000377','E0005','M00000377','ME001',1.3,'N');
Insert into MOVIESOFFERED values('O00000378','E0006','M00000378','ME002',1.7,'Y');
Insert into MOVIESOFFERED values('O00000379','E0001','M00000379','ME001',0.7,'N');
Insert into MOVIESOFFERED values('O00000380','E0002','M00000380','ME002',0.8,'Y');
Insert into MOVIESOFFERED values('O00000381','E0003','M00000381','ME001',1.5,'N');
Insert into MOVIESOFFERED values('O00000382','E0004','M00000382','ME001',1.2,'N');
Insert into MOVIESOFFERED values('O00000383','E0005','M00000383','ME002',0.85,'Y');
Insert into MOVIESOFFERED values('O00000384','E0006','M00000384','ME002',2.1,'Y');
Insert into MOVIESOFFERED values('O00000385','E0001','M00000385','ME001',2.1,'N');
Insert into MOVIESOFFERED values('O00000386','E0002','M00000386','ME002',1.3,'Y');
Insert into MOVIESOFFERED values('O00000387','E0003','M00000387','ME001',1.7,'N');
Insert into MOVIESOFFERED values('O00000388','E0004','M00000388','ME002',0.7,'Y');
Insert into MOVIESOFFERED values('O00000389','E0005','M00000389','ME002',0.8,'Y');
Insert into MOVIESOFFERED values('O00000390','E0006','M00000390','ME001',1.5,'N');
Insert into MOVIESOFFERED values('O00000391','E0001','M00000391','ME002',1.2,'Y');
Insert into MOVIESOFFERED values('O00000392','E0002','M00000392','ME001',0.85,'N');
Insert into MOVIESOFFERED values('O00000393','E0003','M00000393','ME002',2.1,'Y');
Insert into MOVIESOFFERED values('O00000394','E0004','M00000394','ME002',2.1,'Y');
Insert into MOVIESOFFERED values('O00000395','E0005','M00000395','ME001',1.3,'N');
Insert into MOVIESOFFERED values('O00000396','E0006','M00000396','ME002',1.7,'Y');
Insert into MOVIESOFFERED values('O00000397','E0001','M00000397','ME001',0.7,'N');
Insert into MOVIESOFFERED values('O00000398','E0002','M00000398','ME002',0.8,'Y');
Insert into MOVIESOFFERED values('O00000399','E0003','M00000399','ME001',1.5,'N');
Insert into MOVIESOFFERED values('O00000400','E0004','M00000400','ME001',1.2,'N');
Insert into MOVIESOFFERED values('O00000401','E0005','M00000401','ME002',0.85,'Y');
Insert into MOVIESOFFERED values('O00000402','E0006','M00000402','ME002',2.1,'Y');
Insert into MOVIESOFFERED values('O00000403','E0001','M00000403','ME001',2.1,'N');
Insert into MOVIESOFFERED values('O00000404','E0002','M00000404','ME002',1.3,'Y');
Insert into MOVIESOFFERED values('O00000405','E0003','M00000405','ME001',1.7,'N');
Insert into MOVIESOFFERED values('O00000406','E0004','M00000406','ME002',0.7,'Y');
Insert into MOVIESOFFERED values('O00000407','E0005','M00000407','ME002',0.8,'Y');
Insert into MOVIESOFFERED values('O00000408','E0006','M00000408','ME001',1.5,'N');
Insert into MOVIESOFFERED values('O00000409','E0001','M00000409','ME002',1.2,'Y');
Insert into MOVIESOFFERED values('O00000410','E0002','M00000410','ME001',0.85,'N');
Insert into MOVIESOFFERED values('O00000411','E0003','M00000411','ME002',2.1,'Y');
Insert into MOVIESOFFERED values('O00000412','E0004','M00000412','ME002',2.1,'Y');
Insert into MOVIESOFFERED values('O00000413','E0005','M00000413','ME001',1.3,'N');
Insert into MOVIESOFFERED values('O00000414','E0006','M00000414','ME002',1.7,'Y');
Insert into MOVIESOFFERED values('O00000415','E0001','M00000415','ME001',0.7,'N');
Insert into MOVIESOFFERED values('O00000416','E0002','M00000416','ME002',0.8,'Y');
Insert into MOVIESOFFERED values('O00000417','E0003','M00000417','ME001',1.5,'N');
Insert into MOVIESOFFERED values('O00000418','E0004','M00000418','ME001',1.2,'N');
Insert into MOVIESOFFERED values('O00000419','E0005','M00000419','ME002',0.85,'Y');
Insert into MOVIESOFFERED values('O00000420','E0006','M00000420','ME002',2.1,'Y');
Insert into MOVIESOFFERED values('O00000421','E0001','M00000421','ME001',2.1,'N');
Insert into MOVIESOFFERED values('O00000422','E0002','M00000422','ME002',1.3,'Y');
Insert into MOVIESOFFERED values('O00000423','E0003','M00000423','ME001',1.7,'N');
Insert into MOVIESOFFERED values('O00000424','E0004','M00000424','ME002',0.7,'Y');
Insert into MOVIESOFFERED values('O00000425','E0005','M00000425','ME002',0.8,'Y');
Insert into MOVIESOFFERED values('O00000426','E0006','M00000426','ME001',1.5,'N');
Insert into MOVIESOFFERED values('O00000427','E0001','M00000427','ME002',1.2,'Y');
Insert into MOVIESOFFERED values('O00000428','E0002','M00000428','ME001',0.85,'N');
Insert into MOVIESOFFERED values('O00000429','E0003','M00000429','ME002',2.1,'Y');
Insert into MOVIESOFFERED values('O00000430','E0004','M00000430','ME002',2.1,'Y');
Insert into MOVIESOFFERED values('O00000431','E0005','M00000431','ME001',1.3,'N');
Insert into MOVIESOFFERED values('O00000432','E0006','M00000432','ME002',1.7,'Y');
Insert into MOVIESOFFERED values('O00000433','E0001','M00000433','ME001',0.7,'N');
Insert into MOVIESOFFERED values('O00000434','E0002','M00000434','ME002',0.8,'Y');
Insert into MOVIESOFFERED values('O00000435','E0003','M00000435','ME001',1.5,'N');
Insert into MOVIESOFFERED values('O00000436','E0004','M00000436','ME001',1.2,'N');
Insert into MOVIESOFFERED values('O00000437','E0005','M00000437','ME002',0.85,'Y');
Insert into MOVIESOFFERED values('O00000438','E0006','M00000438','ME002',2.1,'Y');
Insert into MOVIESOFFERED values('O00000439','E0001','M00000439','ME001',2.1,'N');
Insert into MOVIESOFFERED values('O00000440','E0002','M00000440','ME002',1.3,'Y');
Insert into MOVIESOFFERED values('O00000441','E0003','M00000441','ME001',1.7,'N');
Insert into MOVIESOFFERED values('O00000442','E0004','M00000442','ME002',0.7,'Y');
Insert into MOVIESOFFERED values('O00000443','E0005','M00000443','ME002',0.8,'Y');
Insert into MOVIESOFFERED values('O00000444','E0006','M00000444','ME001',1.5,'N');
Insert into MOVIESOFFERED values('O00000445','E0001','M00000445','ME002',1.2,'Y');
Insert into MOVIESOFFERED values('O00000446','E0002','M00000446','ME001',0.85,'N');
Insert into MOVIESOFFERED values('O00000447','E0003','M00000447','ME002',2.1,'Y');
Insert into MOVIESOFFERED values('O00000448','E0004','M00000448','ME002',2.1,'Y');
Insert into MOVIESOFFERED values('O00000449','E0005','M00000449','ME001',1.3,'N');
Insert into MOVIESOFFERED values('O00000450','E0006','M00000450','ME002',1.7,'Y');
Insert into MOVIESOFFERED values('O00000451','E0001','M00000451','ME001',0.7,'N');
Insert into MOVIESOFFERED values('O00000452','E0002','M00000452','ME002',0.8,'Y');
Insert into MOVIESOFFERED values('O00000453','E0003','M00000453','ME001',1.5,'N');
Insert into MOVIESOFFERED values('O00000454','E0004','M00000454','ME001',1.2,'N');
Insert into MOVIESOFFERED values('O00000455','E0005','M00000455','ME002',0.85,'Y');
Insert into MOVIESOFFERED values('O00000456','E0006','M00000456','ME002',2.1,'Y');
Insert into MOVIESOFFERED values('O00000457','E0001','M00000457','ME001',2.1,'N');
Insert into MOVIESOFFERED values('O00000458','E0002','M00000458','ME002',1.3,'Y');
Insert into MOVIESOFFERED values('O00000459','E0003','M00000459','ME001',1.7,'N');
Insert into MOVIESOFFERED values('O00000460','E0004','M00000460','ME002',0.7,'Y');
Insert into MOVIESOFFERED values('O00000461','E0005','M00000461','ME002',0.8,'Y');
Insert into MOVIESOFFERED values('O00000462','E0006','M00000462','ME001',1.5,'N');
Insert into MOVIESOFFERED values('O00000463','E0001','M00000463','ME002',1.2,'Y');
Insert into MOVIESOFFERED values('O00000464','E0002','M00000464','ME001',0.85,'N');
Insert into MOVIESOFFERED values('O00000465','E0003','M00000465','ME002',2.1,'Y');
Insert into MOVIESOFFERED values('O00000466','E0004','M00000466','ME002',2.1,'Y');
Insert into MOVIESOFFERED values('O00000467','E0005','M00000467','ME001',1.3,'N');
Insert into MOVIESOFFERED values('O00000468','E0006','M00000468','ME002',1.7,'Y');
Insert into MOVIESOFFERED values('O00000469','E0001','M00000469','ME001',0.7,'N');
Insert into MOVIESOFFERED values('O00000470','E0002','M00000470','ME002',0.8,'Y');
Insert into MOVIESOFFERED values('O00000471','E0003','M00000471','ME001',1.5,'N');
Insert into MOVIESOFFERED values('O00000472','E0004','M00000472','ME001',1.2,'N');
Insert into MOVIESOFFERED values('O00000473','E0005','M00000473','ME002',0.85,'Y');
Insert into MOVIESOFFERED values('O00000474','E0006','M00000474','ME002',2.1,'Y');
Insert into MOVIESOFFERED values('O00000475','E0001','M00000475','ME001',2.1,'N');
Insert into MOVIESOFFERED values('O00000476','E0002','M00000476','ME002',1.3,'Y');
Insert into MOVIESOFFERED values('O00000477','E0003','M00000477','ME001',1.7,'N');
Insert into MOVIESOFFERED values('O00000478','E0004','M00000478','ME002',0.7,'Y');
Insert into MOVIESOFFERED values('O00000479','E0005','M00000479','ME002',0.8,'Y');
Insert into MOVIESOFFERED values('O00000480','E0006','M00000480','ME001',1.5,'N');
Insert into MOVIESOFFERED values('O00000481','E0001','M00000481','ME002',1.2,'Y');
Insert into MOVIESOFFERED values('O00000482','E0002','M00000482','ME001',0.85,'N');
Insert into MOVIESOFFERED values('O00000483','E0003','M00000483','ME002',2.1,'Y');
Insert into MOVIESOFFERED values('O00000484','E0004','M00000484','ME002',2.1,'Y');
Insert into MOVIESOFFERED values('O00000485','E0005','M00000485','ME001',1.3,'N');
Insert into MOVIESOFFERED values('O00000486','E0006','M00000486','ME002',1.7,'Y');
Insert into MOVIESOFFERED values('O00000487','E0001','M00000487','ME001',0.7,'N');
Insert into MOVIESOFFERED values('O00000488','E0002','M00000488','ME002',0.8,'Y');
Insert into MOVIESOFFERED values('O00000489','E0003','M00000489','ME001',1.5,'N');
Insert into MOVIESOFFERED values('O00000490','E0004','M00000490','ME001',1.2,'N');
Insert into MOVIESOFFERED values('O00000491','E0005','M00000491','ME002',0.85,'Y');
Insert into MOVIESOFFERED values('O00000492','E0006','M00000492','ME002',2.1,'Y');
Insert into MOVIESOFFERED values('O00000493','E0001','M00000493','ME001',2.1,'N');
Insert into MOVIESOFFERED values('O00000494','E0002','M00000494','ME002',1.3,'Y');
Insert into MOVIESOFFERED values('O00000495','E0003','M00000495','ME001',1.7,'N');
Insert into MOVIESOFFERED values('O00000496','E0004','M00000496','ME002',0.7,'Y');
Insert into MOVIESOFFERED values('O00000497','E0005','M00000497','ME002',0.8,'Y');
Insert into MOVIESOFFERED values('O00000498','E0006','M00000498','ME001',1.5,'N');
Insert into MOVIESOFFERED values('O00000499','E0001','M00000499','ME002',1.2,'Y');
Insert into MOVIESOFFERED values('O00000500','E0002','M00000500','ME001',0.85,'N');
Insert into MOVIESOFFERED values('O00000501','E0003','M00000501','ME002',2.1,'Y');
Insert into MOVIESOFFERED values('O00000502','E0004','M00000502','ME002',2.1,'Y');
Insert into MOVIESOFFERED values('O00000503','E0005','M00000503','ME001',1.3,'N');
Insert into MOVIESOFFERED values('O00000504','E0006','M00000504','ME002',1.7,'Y');
Insert into MOVIESOFFERED values('O00000505','E0001','M00000505','ME001',0.7,'N');
Insert into MOVIESOFFERED values('O00000506','E0002','M00000506','ME002',0.8,'Y');
Insert into MOVIESOFFERED values('O00000507','E0003','M00000507','ME001',1.5,'N');
Insert into MOVIESOFFERED values('O00000508','E0004','M00000508','ME001',1.2,'N');
Insert into MOVIESOFFERED values('O00000509','E0005','M00000509','ME002',0.85,'Y');
Insert into MOVIESOFFERED values('O00000510','E0006','M00000510','ME002',2.1,'Y');
Insert into MOVIESOFFERED values('O00000511','E0001','M00000511','ME001',2.1,'N');
Insert into MOVIESOFFERED values('O00000512','E0002','M00000512','ME002',1.3,'Y');
Insert into MOVIESOFFERED values('O00000513','E0003','M00000513','ME001',1.7,'N');
Insert into MOVIESOFFERED values('O00000514','E0004','M00000514','ME002',0.7,'Y');
Insert into MOVIESOFFERED values('O00000515','E0005','M00000515','ME002',0.8,'Y');
Insert into MOVIESOFFERED values('O00000516','E0006','M00000516','ME001',1.5,'N');
Insert into MOVIESOFFERED values('O00000517','E0001','M00000517','ME002',1.2,'Y');
Insert into MOVIESOFFERED values('O00000518','E0002','M00000518','ME001',0.85,'N');
Insert into MOVIESOFFERED values('O00000519','E0003','M00000519','ME002',2.1,'Y');
Insert into MOVIESOFFERED values('O00000520','E0004','M00000520','ME002',2.1,'Y');
Insert into MOVIESOFFERED values('O00000521','E0005','M00000521','ME001',1.3,'N');
Insert into MOVIESOFFERED values('O00000522','E0006','M00000522','ME002',1.7,'Y');
Insert into MOVIESOFFERED values('O00000523','E0001','M00000523','ME001',0.7,'N');
Insert into MOVIESOFFERED values('O00000524','E0002','M00000524','ME002',0.8,'Y');
Insert into MOVIESOFFERED values('O00000525','E0003','M00000525','ME001',1.5,'N');
Insert into MOVIESOFFERED values('O00000526','E0004','M00000526','ME001',1.2,'N');
Insert into MOVIESOFFERED values('O00000527','E0005','M00000527','ME002',0.85,'Y');
Insert into MOVIESOFFERED values('O00000528','E0006','M00000528','ME002',2.1,'Y');
Insert into MOVIESOFFERED values('O00000529','E0001','M00000529','ME001',2.1,'N');
Insert into MOVIESOFFERED values('O00000530','E0002','M00000530','ME002',1.3,'Y');
Insert into MOVIESOFFERED values('O00000531','E0003','M00000531','ME001',1.7,'N');
Insert into MOVIESOFFERED values('O00000532','E0004','M00000532','ME002',0.7,'Y');
Insert into MOVIESOFFERED values('O00000533','E0005','M00000533','ME002',0.8,'Y');
Insert into MOVIESOFFERED values('O00000534','E0006','M00000534','ME001',1.5,'N');
Insert into MOVIESOFFERED values('O00000535','E0001','M00000535','ME002',1.2,'Y');
Insert into MOVIESOFFERED values('O00000536','E0002','M00000536','ME001',0.85,'N');
Insert into MOVIESOFFERED values('O00000537','E0003','M00000537','ME002',2.1,'Y');
Insert into MOVIESOFFERED values('O00000538','E0004','M00000538','ME002',2.1,'Y');
Insert into MOVIESOFFERED values('O00000539','E0005','M00000539','ME001',1.3,'N');
Insert into MOVIESOFFERED values('O00000540','E0006','M00000540','ME002',1.7,'Y');
Insert into MOVIESOFFERED values('O00000541','E0001','M00000541','ME001',0.7,'N');
Insert into MOVIESOFFERED values('O00000542','E0002','M00000542','ME002',0.8,'Y');
Insert into MOVIESOFFERED values('O00000543','E0003','M00000543','ME001',1.5,'N');
Insert into MOVIESOFFERED values('O00000544','E0004','M00000544','ME001',1.2,'N');
Insert into MOVIESOFFERED values('O00000545','E0005','M00000545','ME002',0.85,'Y');
Insert into MOVIESOFFERED values('O00000546','E0006','M00000546','ME002',2.1,'Y');
Insert into MOVIESOFFERED values('O00000547','E0001','M00000547','ME001',2.1,'N');
Insert into MOVIESOFFERED values('O00000548','E0002','M00000548','ME002',1.3,'Y');
Insert into MOVIESOFFERED values('O00000549','E0003','M00000549','ME001',1.7,'N');
Insert into MOVIESOFFERED values('O00000550','E0004','M00000550','ME002',0.7,'Y');
Insert into MOVIESOFFERED values('O00000551','E0005','M00000551','ME002',0.8,'Y');
Insert into MOVIESOFFERED values('O00000552','E0006','M00000552','ME001',1.5,'N');
Insert into MOVIESOFFERED values('O00000553','E0001','M00000553','ME002',1.2,'Y');
Insert into MOVIESOFFERED values('O00000554','E0002','M00000554','ME001',0.85,'N');
Insert into MOVIESOFFERED values('O00000555','E0003','M00000555','ME002',2.1,'Y');
Insert into MOVIESOFFERED values('O00000556','E0004','M00000556','ME002',2.1,'Y');
Insert into MOVIESOFFERED values('O00000557','E0005','M00000557','ME001',1.3,'N');
Insert into MOVIESOFFERED values('O00000558','E0006','M00000558','ME002',1.7,'Y');
Insert into MOVIESOFFERED values('O00000559','E0001','M00000559','ME001',0.7,'N');
Insert into MOVIESOFFERED values('O00000560','E0002','M00000560','ME002',0.8,'Y');
Insert into MOVIESOFFERED values('O00000561','E0003','M00000561','ME001',1.5,'N');
Insert into MOVIESOFFERED values('O00000562','E0004','M00000562','ME001',1.2,'N');
Insert into MOVIESOFFERED values('O00000563','E0005','M00000563','ME002',0.85,'Y');
Insert into MOVIESOFFERED values('O00000564','E0006','M00000564','ME002',2.1,'Y');
Insert into MOVIESOFFERED values('O00000565','E0001','M00000565','ME001',2.1,'N');
Insert into MOVIESOFFERED values('O00000566','E0002','M00000566','ME002',1.3,'Y');
Insert into MOVIESOFFERED values('O00000567','E0003','M00000567','ME001',1.7,'N');
Insert into MOVIESOFFERED values('O00000568','E0004','M00000568','ME002',0.7,'Y');
Insert into MOVIESOFFERED values('O00000569','E0005','M00000569','ME002',0.8,'Y');
Insert into MOVIESOFFERED values('O00000570','E0006','M00000570','ME001',1.5,'N');
Insert into MOVIESOFFERED values('O00000571','E0001','M00000571','ME002',1.2,'Y');
Insert into MOVIESOFFERED values('O00000572','E0002','M00000572','ME001',0.85,'N');
Insert into MOVIESOFFERED values('O00000573','E0003','M00000573','ME002',2.1,'Y');
Insert into MOVIESOFFERED values('O00000574','E0004','M00000574','ME002',2.1,'Y');
Insert into MOVIESOFFERED values('O00000575','E0005','M00000575','ME001',1.3,'N');
Insert into MOVIESOFFERED values('O00000576','E0006','M00000576','ME002',1.7,'Y');
Insert into MOVIESOFFERED values('O00000577','E0001','M00000577','ME001',0.7,'N');
Insert into MOVIESOFFERED values('O00000578','E0002','M00000578','ME002',0.8,'Y');
Insert into MOVIESOFFERED values('O00000579','E0003','M00000579','ME001',1.5,'N');
Insert into MOVIESOFFERED values('O00000580','E0004','M00000580','ME001',1.2,'N');
Insert into MOVIESOFFERED values('O00000581','E0005','M00000581','ME002',0.85,'Y');
Insert into MOVIESOFFERED values('O00000582','E0006','M00000582','ME002',2.1,'Y');
Insert into MOVIESOFFERED values('O00000583','E0001','M00000583','ME001',2.1,'N');
Insert into MOVIESOFFERED values('O00000584','E0002','M00000584','ME002',1.3,'Y');
Insert into MOVIESOFFERED values('O00000585','E0003','M00000585','ME001',1.7,'N');
Insert into MOVIESOFFERED values('O00000586','E0004','M00000586','ME002',0.7,'Y');
Insert into MOVIESOFFERED values('O00000587','E0005','M00000587','ME002',0.8,'Y');
Insert into MOVIESOFFERED values('O00000588','E0006','M00000588','ME001',1.5,'N');
Insert into MOVIESOFFERED values('O00000589','E0001','M00000589','ME002',1.2,'Y');
Insert into MOVIESOFFERED values('O00000590','E0002','M00000590','ME001',0.85,'N');
Insert into MOVIESOFFERED values('O00000591','E0003','M00000591','ME002',2.1,'Y');
Insert into MOVIESOFFERED values('O00000592','E0004','M00000592','ME002',2.1,'Y');
Insert into MOVIESOFFERED values('O00000593','E0005','M00000593','ME001',1.3,'N');
Insert into MOVIESOFFERED values('O00000594','E0006','M00000594','ME002',1.7,'Y');
Insert into MOVIESOFFERED values('O00000595','E0001','M00000595','ME001',0.7,'N');
Insert into MOVIESOFFERED values('O00000596','E0002','M00000596','ME002',0.8,'Y');
Insert into MOVIESOFFERED values('O00000597','E0003','M00000597','ME001',1.5,'N');
Insert into MOVIESOFFERED values('O00000598','E0004','M00000598','ME001',1.2,'N');
Insert into MOVIESOFFERED values('O00000599','E0005','M00000599','ME002',0.85,'Y');
Insert into MOVIESOFFERED values('O00000600','E0006','M00000600','ME002',2.1,'Y');
Insert into MOVIESOFFERED values('O00000601','E0001','M00000601','ME001',2.1,'N');
Insert into MOVIESOFFERED values('O00000602','E0002','M00000602','ME002',1.3,'Y');
Insert into MOVIESOFFERED values('O00000603','E0003','M00000603','ME001',1.7,'N');
Insert into MOVIESOFFERED values('O00000604','E0004','M00000604','ME002',0.7,'Y');
Insert into MOVIESOFFERED values('O00000605','E0005','M00000605','ME002',0.8,'Y');
Insert into MOVIESOFFERED values('O00000606','E0006','M00000606','ME001',1.5,'N');
Insert into MOVIESOFFERED values('O00000607','E0001','M00000607','ME002',1.2,'Y');
Insert into MOVIESOFFERED values('O00000608','E0002','M00000608','ME001',0.85,'N');
Insert into MOVIESOFFERED values('O00000609','E0003','M00000609','ME002',2.1,'Y');
Insert into MOVIESOFFERED values('O00000610','E0004','M00000610','ME002',2.1,'Y');
Insert into MOVIESOFFERED values('O00000611','E0005','M00000611','ME001',1.3,'N');
Insert into MOVIESOFFERED values('O00000612','E0006','M00000612','ME002',1.7,'Y');
Insert into MOVIESOFFERED values('O00000613','E0001','M00000613','ME001',0.7,'N');
Insert into MOVIESOFFERED values('O00000614','E0002','M00000614','ME002',0.8,'Y');
Insert into MOVIESOFFERED values('O00000615','E0003','M00000615','ME001',1.5,'N');
Insert into MOVIESOFFERED values('O00000616','E0004','M00000616','ME001',1.2,'N');
Insert into MOVIESOFFERED values('O00000617','E0005','M00000617','ME002',0.85,'Y');
Insert into MOVIESOFFERED values('O00000618','E0006','M00000618','ME002',2.1,'Y');
Insert into MOVIESOFFERED values('O00000619','E0001','M00000619','ME001',2.1,'N');
Insert into MOVIESOFFERED values('O00000620','E0002','M00000620','ME002',1.3,'Y');
Insert into MOVIESOFFERED values('O00000621','E0003','M00000621','ME001',1.7,'N');
Insert into MOVIESOFFERED values('O00000622','E0004','M00000622','ME002',0.7,'Y');
Insert into MOVIESOFFERED values('O00000623','E0005','M00000623','ME002',0.8,'Y');
Insert into MOVIESOFFERED values('O00000624','E0006','M00000624','ME001',1.5,'N');
Insert into MOVIESOFFERED values('O00000625','E0001','M00000625','ME002',1.2,'Y');
Insert into MOVIESOFFERED values('O00000626','E0002','M00000626','ME001',0.85,'N');
Insert into MOVIESOFFERED values('O00000627','E0003','M00000627','ME002',2.1,'Y');
Insert into MOVIESOFFERED values('O00000628','E0004','M00000628','ME002',2.1,'Y');
Insert into MOVIESOFFERED values('O00000629','E0005','M00000629','ME001',1.3,'N');
Insert into MOVIESOFFERED values('O00000630','E0006','M00000630','ME002',1.7,'Y');
Insert into MOVIESOFFERED values('O00000631','E0001','M00000631','ME001',0.7,'N');
Insert into MOVIESOFFERED values('O00000632','E0002','M00000632','ME002',0.8,'Y');
Insert into MOVIESOFFERED values('O00000633','E0003','M00000633','ME001',1.5,'N');
Insert into MOVIESOFFERED values('O00000634','E0004','M00000634','ME001',1.2,'N');
Insert into MOVIESOFFERED values('O00000635','E0005','M00000635','ME002',0.85,'Y');
Insert into MOVIESOFFERED values('O00000636','E0006','M00000636','ME002',2.1,'Y');
Insert into MOVIESOFFERED values('O00000637','E0001','M00000637','ME001',2.1,'N');
Insert into MOVIESOFFERED values('O00000638','E0002','M00000638','ME002',1.3,'Y');
Insert into MOVIESOFFERED values('O00000639','E0003','M00000639','ME001',1.7,'N');
Insert into MOVIESOFFERED values('O00000640','E0004','M00000640','ME002',0.7,'Y');
Insert into MOVIESOFFERED values('O00000641','E0005','M00000641','ME002',0.8,'Y');
Insert into MOVIESOFFERED values('O00000642','E0006','M00000642','ME001',1.5,'N');
Insert into MOVIESOFFERED values('O00000643','E0001','M00000643','ME002',1.2,'Y');
Insert into MOVIESOFFERED values('O00000644','E0002','M00000644','ME001',0.85,'N');
Insert into MOVIESOFFERED values('O00000645','E0003','M00000645','ME002',2.1,'Y');
Insert into MOVIESOFFERED values('O00000646','E0004','M00000646','ME002',2.1,'Y');
Insert into MOVIESOFFERED values('O00000647','E0005','M00000647','ME001',1.3,'N');
Insert into MOVIESOFFERED values('O00000648','E0006','M00000648','ME002',1.7,'Y');
Insert into MOVIESOFFERED values('O00000649','E0001','M00000649','ME001',0.7,'N');
Insert into MOVIESOFFERED values('O00000650','E0002','M00000650','ME002',0.8,'Y');
Insert into MOVIESOFFERED values('O00000651','E0003','M00000651','ME001',1.5,'N');
Insert into MOVIESOFFERED values('O00000652','E0004','M00000652','ME001',1.2,'N');
Insert into MOVIESOFFERED values('O00000653','E0005','M00000653','ME002',0.85,'Y');
Insert into MOVIESOFFERED values('O00000654','E0006','M00000654','ME002',2.1,'Y');
Insert into MOVIESOFFERED values('O00000655','E0001','M00000655','ME001',2.1,'N');
Insert into MOVIESOFFERED values('O00000656','E0002','M00000656','ME002',1.3,'Y');
Insert into MOVIESOFFERED values('O00000657','E0003','M00000657','ME001',1.7,'N');
Insert into MOVIESOFFERED values('O00000658','E0004','M00000658','ME002',0.7,'Y');
Insert into MOVIESOFFERED values('O00000659','E0005','M00000659','ME002',0.8,'Y');
Insert into MOVIESOFFERED values('O00000660','E0006','M00000660','ME001',1.5,'N');
Insert into MOVIESOFFERED values('O00000661','E0001','M00000661','ME002',1.2,'Y');
Insert into MOVIESOFFERED values('O00000662','E0002','M00000662','ME001',0.85,'N');
Insert into MOVIESOFFERED values('O00000663','E0003','M00000663','ME002',2.1,'Y');
Insert into MOVIESOFFERED values('O00000664','E0004','M00000664','ME002',2.1,'Y');
Insert into MOVIESOFFERED values('O00000665','E0005','M00000665','ME001',1.3,'N');
Insert into MOVIESOFFERED values('O00000666','E0006','M00000666','ME002',1.7,'Y');
Insert into MOVIESOFFERED values('O00000667','E0001','M00000667','ME001',0.7,'N');
Insert into MOVIESOFFERED values('O00000668','E0002','M00000668','ME002',0.8,'Y');
Insert into MOVIESOFFERED values('O00000669','E0003','M00000669','ME001',1.5,'N');
Insert into MOVIESOFFERED values('O00000670','E0004','M00000670','ME001',1.2,'N');
Insert into MOVIESOFFERED values('O00000671','E0005','M00000671','ME002',0.85,'Y');
Insert into MOVIESOFFERED values('O00000672','E0006','M00000672','ME002',2.1,'Y');
Insert into MOVIESOFFERED values('O00000673','E0001','M00000673','ME001',2.1,'N');
Insert into MOVIESOFFERED values('O00000674','E0002','M00000674','ME002',1.3,'Y');
Insert into MOVIESOFFERED values('O00000675','E0003','M00000675','ME001',1.7,'N');
Insert into MOVIESOFFERED values('O00000676','E0004','M00000676','ME002',0.7,'Y');
Insert into MOVIESOFFERED values('O00000677','E0005','M00000677','ME002',0.8,'Y');
Insert into MOVIESOFFERED values('O00000678','E0006','M00000678','ME001',1.5,'N');
Insert into MOVIESOFFERED values('O00000679','E0001','M00000679','ME002',1.2,'Y');
Insert into MOVIESOFFERED values('O00000680','E0002','M00000680','ME001',0.85,'N');
Insert into MOVIESOFFERED values('O00000681','E0003','M00000681','ME002',2.1,'Y');
Insert into MOVIESOFFERED values('O00000682','E0004','M00000682','ME002',2.1,'Y');
Insert into MOVIESOFFERED values('O00000683','E0005','M00000683','ME001',1.3,'N');
Insert into MOVIESOFFERED values('O00000684','E0006','M00000684','ME002',1.7,'Y');
Insert into MOVIESOFFERED values('O00000685','E0001','M00000685','ME001',0.7,'N');
Insert into MOVIESOFFERED values('O00000686','E0002','M00000686','ME002',0.8,'Y');
Insert into MOVIESOFFERED values('O00000687','E0003','M00000687','ME001',1.5,'N');
Insert into MOVIESOFFERED values('O00000688','E0004','M00000688','ME001',1.2,'N');
Insert into MOVIESOFFERED values('O00000689','E0005','M00000689','ME002',0.85,'Y');
Insert into MOVIESOFFERED values('O00000690','E0006','M00000690','ME002',2.1,'Y');
Insert into MOVIESOFFERED values('O00000691','E0001','M00000691','ME001',2.1,'N');
Insert into MOVIESOFFERED values('O00000692','E0002','M00000692','ME002',1.3,'Y');
Insert into MOVIESOFFERED values('O00000693','E0003','M00000693','ME001',1.7,'N');
Insert into MOVIESOFFERED values('O00000694','E0004','M00000694','ME002',0.7,'Y');
Insert into MOVIESOFFERED values('O00000695','E0005','M00000695','ME002',0.8,'Y');
Insert into MOVIESOFFERED values('O00000696','E0006','M00000696','ME001',1.5,'N');
Insert into MOVIESOFFERED values('O00000697','E0001','M00000697','ME002',1.2,'Y');
Insert into MOVIESOFFERED values('O00000698','E0002','M00000698','ME001',0.85,'N');
Insert into MOVIESOFFERED values('O00000699','E0003','M00000699','ME002',2.1,'Y');
Insert into MOVIESOFFERED values('O00000700','E0004','M00000700','ME002',2.1,'Y');
Insert into MOVIESOFFERED values('O00000701','E0005','M00000701','ME001',1.3,'N');
Insert into MOVIESOFFERED values('O00000702','E0006','M00000702','ME002',1.7,'Y');
Insert into MOVIESOFFERED values('O00000703','E0001','M00000703','ME001',0.7,'N');
Insert into MOVIESOFFERED values('O00000704','E0002','M00000704','ME002',0.8,'Y');
Insert into MOVIESOFFERED values('O00000705','E0003','M00000705','ME001',1.5,'N');
Insert into MOVIESOFFERED values('O00000706','E0004','M00000706','ME001',1.2,'N');
Insert into MOVIESOFFERED values('O00000707','E0005','M00000707','ME002',0.85,'Y');
Insert into MOVIESOFFERED values('O00000708','E0006','M00000708','ME002',2.1,'Y');
Insert into MOVIESOFFERED values('O00000709','E0001','M00000709','ME001',2.1,'N');
Insert into MOVIESOFFERED values('O00000710','E0002','M00000710','ME002',1.3,'Y');
Insert into MOVIESOFFERED values('O00000711','E0003','M00000711','ME001',1.7,'N');
Insert into MOVIESOFFERED values('O00000712','E0004','M00000712','ME002',0.7,'Y');
Insert into MOVIESOFFERED values('O00000713','E0005','M00000713','ME002',0.8,'Y');
Insert into MOVIESOFFERED values('O00000714','E0006','M00000714','ME001',1.5,'N');
Insert into MOVIESOFFERED values('O00000715','E0001','M00000715','ME002',1.2,'Y');
Insert into MOVIESOFFERED values('O00000716','E0002','M00000716','ME001',0.85,'N');
Insert into MOVIESOFFERED values('O00000717','E0003','M00000717','ME002',2.1,'Y');
Insert into MOVIESOFFERED values('O00000718','E0004','M00000718','ME002',2.1,'Y');
Insert into MOVIESOFFERED values('O00000719','E0005','M00000719','ME001',1.3,'N');
Insert into MOVIESOFFERED values('O00000720','E0006','M00000720','ME002',1.7,'Y');
Insert into MOVIESOFFERED values('O00000721','E0001','M00000721','ME001',0.7,'N');
Insert into MOVIESOFFERED values('O00000722','E0002','M00000722','ME002',0.8,'Y');
Insert into MOVIESOFFERED values('O00000723','E0003','M00000723','ME001',1.5,'N');
Insert into MOVIESOFFERED values('O00000724','E0004','M00000724','ME001',1.2,'N');
Insert into MOVIESOFFERED values('O00000725','E0005','M00000725','ME002',0.85,'Y');
Insert into MOVIESOFFERED values('O00000726','E0006','M00000726','ME002',2.1,'Y');
Insert into MOVIESOFFERED values('O00000727','E0001','M00000727','ME001',2.1,'N');
Insert into MOVIESOFFERED values('O00000728','E0002','M00000728','ME002',1.3,'Y');
Insert into MOVIESOFFERED values('O00000729','E0003','M00000729','ME001',1.7,'N');
Insert into MOVIESOFFERED values('O00000730','E0004','M00000730','ME002',0.7,'Y');
Insert into MOVIESOFFERED values('O00000731','E0005','M00000731','ME002',0.8,'Y');
Insert into MOVIESOFFERED values('O00000732','E0006','M00000732','ME001',1.5,'N');
Insert into MOVIESOFFERED values('O00000733','E0001','M00000733','ME002',1.2,'Y');
Insert into MOVIESOFFERED values('O00000734','E0002','M00000734','ME001',0.85,'N');
Insert into MOVIESOFFERED values('O00000735','E0003','M00000735','ME002',2.1,'Y');
Insert into MOVIESOFFERED values('O00000736','E0004','M00000736','ME002',2.1,'Y');
Insert into MOVIESOFFERED values('O00000737','E0005','M00000737','ME001',1.3,'N');
Insert into MOVIESOFFERED values('O00000738','E0006','M00000738','ME002',1.7,'Y');
Insert into MOVIESOFFERED values('O00000739','E0001','M00000739','ME001',0.7,'N');
Insert into MOVIESOFFERED values('O00000740','E0002','M00000740','ME002',0.8,'Y');
Insert into MOVIESOFFERED values('O00000741','E0003','M00000741','ME001',1.5,'N');
Insert into MOVIESOFFERED values('O00000742','E0004','M00000742','ME001',1.2,'N');
Insert into MOVIESOFFERED values('O00000743','E0005','M00000743','ME002',0.85,'Y');
Insert into MOVIESOFFERED values('O00000744','E0006','M00000744','ME002',2.1,'Y');
Insert into MOVIESOFFERED values('O00000745','E0001','M00000745','ME001',2.1,'N');
Insert into MOVIESOFFERED values('O00000746','E0002','M00000746','ME002',1.3,'Y');
Insert into MOVIESOFFERED values('O00000747','E0003','M00000747','ME001',1.7,'N');
Insert into MOVIESOFFERED values('O00000748','E0004','M00000748','ME002',0.7,'Y');
Insert into MOVIESOFFERED values('O00000749','E0005','M00000749','ME002',0.8,'Y');
Insert into MOVIESOFFERED values('O00000750','E0006','M00000750','ME001',1.5,'N');
Insert into MOVIESOFFERED values('O00000751','E0001','M00000751','ME002',1.2,'Y');
Insert into MOVIESOFFERED values('O00000752','E0002','M00000752','ME001',0.85,'N');
Insert into MOVIESOFFERED values('O00000753','E0003','M00000753','ME002',2.1,'Y');
Insert into MOVIESOFFERED values('O00000754','E0004','M00000754','ME002',2.1,'Y');
Insert into MOVIESOFFERED values('O00000755','E0005','M00000755','ME001',1.3,'N');
Insert into MOVIESOFFERED values('O00000756','E0006','M00000756','ME002',1.7,'Y');
Insert into MOVIESOFFERED values('O00000757','E0001','M00000757','ME001',0.7,'N');
Insert into MOVIESOFFERED values('O00000758','E0002','M00000758','ME002',0.8,'Y');
Insert into MOVIESOFFERED values('O00000759','E0003','M00000759','ME001',1.5,'N');
Insert into MOVIESOFFERED values('O00000760','E0004','M00000760','ME001',1.2,'N');
Insert into MOVIESOFFERED values('O00000761','E0005','M00000761','ME002',0.85,'Y');
Insert into MOVIESOFFERED values('O00000762','E0006','M00000762','ME002',2.1,'Y');
Insert into MOVIESOFFERED values('O00000763','E0001','M00000763','ME001',2.1,'N');
Insert into MOVIESOFFERED values('O00000764','E0002','M00000764','ME002',1.3,'Y');
Insert into MOVIESOFFERED values('O00000765','E0003','M00000765','ME001',1.7,'N');
Insert into MOVIESOFFERED values('O00000766','E0004','M00000766','ME002',0.7,'Y');
Insert into MOVIESOFFERED values('O00000767','E0005','M00000767','ME002',0.8,'Y');
Insert into MOVIESOFFERED values('O00000768','E0006','M00000768','ME001',1.5,'N');
Insert into MOVIESOFFERED values('O00000769','E0001','M00000769','ME002',1.2,'Y');
Insert into MOVIESOFFERED values('O00000770','E0002','M00000770','ME001',0.85,'N');
Insert into MOVIESOFFERED values('O00000771','E0003','M00000771','ME002',2.1,'Y');
Insert into MOVIESOFFERED values('O00000772','E0004','M00000772','ME002',2.1,'Y');
Insert into MOVIESOFFERED values('O00000773','E0005','M00000773','ME001',1.3,'N');
Insert into MOVIESOFFERED values('O00000774','E0006','M00000774','ME002',1.7,'Y');
Insert into MOVIESOFFERED values('O00000775','E0001','M00000775','ME001',0.7,'N');
Insert into MOVIESOFFERED values('O00000776','E0002','M00000776','ME002',0.8,'Y');
Insert into MOVIESOFFERED values('O00000777','E0003','M00000777','ME001',1.5,'N');
Insert into MOVIESOFFERED values('O00000778','E0004','M00000778','ME001',1.2,'N');
Insert into MOVIESOFFERED values('O00000779','E0005','M00000779','ME002',0.85,'Y');
Insert into MOVIESOFFERED values('O00000780','E0006','M00000780','ME002',2.1,'Y');
Insert into MOVIESOFFERED values('O00000781','E0001','M00000781','ME001',2.1,'N');
Insert into MOVIESOFFERED values('O00000782','E0002','M00000782','ME002',1.3,'Y');
Insert into MOVIESOFFERED values('O00000783','E0003','M00000783','ME001',1.7,'N');
Insert into MOVIESOFFERED values('O00000784','E0004','M00000784','ME002',0.7,'Y');
Insert into MOVIESOFFERED values('O00000785','E0005','M00000785','ME002',0.8,'Y');
Insert into MOVIESOFFERED values('O00000786','E0006','M00000786','ME001',1.5,'N');
Insert into MOVIESOFFERED values('O00000787','E0001','M00000787','ME002',1.2,'Y');
Insert into MOVIESOFFERED values('O00000788','E0002','M00000788','ME001',0.85,'N');
Insert into MOVIESOFFERED values('O00000789','E0003','M00000789','ME002',2.1,'Y');
Insert into MOVIESOFFERED values('O00000790','E0004','M00000790','ME002',2.1,'Y');
Insert into MOVIESOFFERED values('O00000791','E0005','M00000791','ME001',1.3,'N');
Insert into MOVIESOFFERED values('O00000792','E0006','M00000792','ME002',1.7,'Y');
Insert into MOVIESOFFERED values('O00000793','E0001','M00000793','ME001',0.7,'N');
Insert into MOVIESOFFERED values('O00000794','E0002','M00000794','ME002',0.8,'Y');
Insert into MOVIESOFFERED values('O00000795','E0003','M00000795','ME001',1.5,'N');
Insert into MOVIESOFFERED values('O00000796','E0004','M00000796','ME001',1.2,'N');
Insert into MOVIESOFFERED values('O00000797','E0005','M00000797','ME002',0.85,'Y');
Insert into MOVIESOFFERED values('O00000798','E0006','M00000798','ME002',2.1,'Y');
Insert into MOVIESOFFERED values('O00000799','E0001','M00000799','ME001',2.1,'N');
Insert into MOVIESOFFERED values('O00000800','E0002','M00000800','ME002',1.3,'Y');
Insert into MOVIESOFFERED values('O00000801','E0003','M00000801','ME001',1.7,'N');
Insert into MOVIESOFFERED values('O00000802','E0004','M00000802','ME002',0.7,'Y');
Insert into MOVIESOFFERED values('O00000803','E0005','M00000803','ME002',0.8,'Y');
Insert into MOVIESOFFERED values('O00000804','E0006','M00000804','ME001',1.5,'N');
Insert into MOVIESOFFERED values('O00000805','E0001','M00000805','ME002',1.2,'Y');
Insert into MOVIESOFFERED values('O00000806','E0002','M00000806','ME001',0.85,'N');
Insert into MOVIESOFFERED values('O00000807','E0003','M00000807','ME002',2.1,'Y');
Insert into MOVIESOFFERED values('O00000808','E0004','M00000808','ME002',2.1,'Y');
Insert into MOVIESOFFERED values('O00000809','E0005','M00000809','ME001',1.3,'N');
Insert into MOVIESOFFERED values('O00000810','E0006','M00000810','ME002',1.7,'Y');
Insert into MOVIESOFFERED values('O00000811','E0001','M00000811','ME001',0.7,'N');
Insert into MOVIESOFFERED values('O00000812','E0002','M00000812','ME002',0.8,'Y');
Insert into MOVIESOFFERED values('O00000813','E0003','M00000813','ME001',1.5,'N');
Insert into MOVIESOFFERED values('O00000814','E0004','M00000814','ME001',1.2,'N');
Insert into MOVIESOFFERED values('O00000815','E0005','M00000815','ME002',0.85,'Y');
Insert into MOVIESOFFERED values('O00000816','E0006','M00000816','ME002',2.1,'Y');
Insert into MOVIESOFFERED values('O00000817','E0001','M00000817','ME001',2.1,'N');
Insert into MOVIESOFFERED values('O00000818','E0002','M00000818','ME002',1.3,'Y');
Insert into MOVIESOFFERED values('O00000819','E0003','M00000819','ME001',1.7,'N');
Insert into MOVIESOFFERED values('O00000820','E0004','M00000820','ME002',0.7,'Y');
Insert into MOVIESOFFERED values('O00000821','E0005','M00000821','ME002',0.8,'Y');
Insert into MOVIESOFFERED values('O00000822','E0006','M00000822','ME001',1.5,'N');
Insert into MOVIESOFFERED values('O00000823','E0001','M00000823','ME002',1.2,'Y');
Insert into MOVIESOFFERED values('O00000824','E0002','M00000824','ME001',0.85,'N');
Insert into MOVIESOFFERED values('O00000825','E0003','M00000825','ME002',2.1,'Y');
Insert into MOVIESOFFERED values('O00000826','E0004','M00000826','ME002',2.1,'Y');
Insert into MOVIESOFFERED values('O00000827','E0005','M00000827','ME001',1.3,'N');
Insert into MOVIESOFFERED values('O00000828','E0006','M00000828','ME002',1.7,'Y');
Insert into MOVIESOFFERED values('O00000829','E0001','M00000829','ME001',0.7,'N');
Insert into MOVIESOFFERED values('O00000830','E0002','M00000830','ME002',0.8,'Y');
Insert into MOVIESOFFERED values('O00000831','E0003','M00000831','ME001',1.5,'N');
Insert into MOVIESOFFERED values('O00000832','E0004','M00000832','ME001',1.2,'N');
Insert into MOVIESOFFERED values('O00000833','E0005','M00000833','ME002',0.85,'Y');
Insert into MOVIESOFFERED values('O00000834','E0006','M00000834','ME002',2.1,'Y');
Insert into MOVIESOFFERED values('O00000835','E0001','M00000835','ME001',2.1,'N');
Insert into MOVIESOFFERED values('O00000836','E0002','M00000836','ME002',1.3,'Y');
Insert into MOVIESOFFERED values('O00000837','E0003','M00000837','ME001',1.7,'N');
Insert into MOVIESOFFERED values('O00000838','E0004','M00000838','ME002',0.7,'Y');
Insert into MOVIESOFFERED values('O00000839','E0005','M00000839','ME002',0.8,'Y');
Insert into MOVIESOFFERED values('O00000840','E0006','M00000840','ME001',1.5,'N');
Insert into MOVIESOFFERED values('O00000841','E0001','M00000841','ME002',1.2,'Y');
Insert into MOVIESOFFERED values('O00000842','E0002','M00000842','ME001',0.85,'N');
Insert into MOVIESOFFERED values('O00000843','E0003','M00000843','ME002',2.1,'Y');
Insert into MOVIESOFFERED values('O00000844','E0004','M00000844','ME002',2.1,'Y');
Insert into MOVIESOFFERED values('O00000845','E0005','M00000845','ME001',1.3,'N');
Insert into MOVIESOFFERED values('O00000846','E0006','M00000846','ME002',1.7,'Y');
Insert into MOVIESOFFERED values('O00000847','E0001','M00000847','ME001',0.7,'N');
Insert into MOVIESOFFERED values('O00000848','E0002','M00000848','ME002',0.8,'Y');
Insert into MOVIESOFFERED values('O00000849','E0003','M00000849','ME001',1.5,'N');
Insert into MOVIESOFFERED values('O00000850','E0004','M00000850','ME001',1.2,'N');
Insert into MOVIESOFFERED values('O00000851','E0005','M00000851','ME002',0.85,'Y');
Insert into MOVIESOFFERED values('O00000852','E0006','M00000852','ME002',2.1,'Y');
Insert into MOVIESOFFERED values('O00000853','E0001','M00000853','ME001',2.1,'N');
Insert into MOVIESOFFERED values('O00000854','E0002','M00000854','ME002',1.3,'Y');
Insert into MOVIESOFFERED values('O00000855','E0003','M00000855','ME001',1.7,'N');
Insert into MOVIESOFFERED values('O00000856','E0004','M00000856','ME002',0.7,'Y');
Insert into MOVIESOFFERED values('O00000857','E0005','M00000857','ME002',0.8,'Y');
Insert into MOVIESOFFERED values('O00000858','E0006','M00000858','ME001',1.5,'N');
Insert into MOVIESOFFERED values('O00000859','E0001','M00000859','ME002',1.2,'Y');
Insert into MOVIESOFFERED values('O00000860','E0002','M00000860','ME001',0.85,'N');
Insert into MOVIESOFFERED values('O00000861','E0003','M00000861','ME002',2.1,'Y');
Insert into MOVIESOFFERED values('O00000862','E0004','M00000862','ME002',2.1,'Y');
Insert into MOVIESOFFERED values('O00000863','E0005','M00000863','ME001',1.3,'N');
Insert into MOVIESOFFERED values('O00000864','E0006','M00000864','ME002',1.7,'Y');
Insert into MOVIESOFFERED values('O00000865','E0001','M00000865','ME002',0.85,'Y');
Insert into MOVIESOFFERED values('O00000866','E0002','M00000866','ME001',2.1,'N');
Insert into MOVIESOFFERED values('O00000867','E0003','M00000867','ME002',2.1,'Y');
Insert into MOVIESOFFERED values('O00000868','E0004','M00000868','ME002',1.3,'Y');
Insert into MOVIESOFFERED values('O00000869','E0005','M00000869','ME001',1.7,'N');
Insert into MOVIESOFFERED values('O00000870','E0006','M00000870','ME002',0.7,'Y');
Insert into MOVIESOFFERED values('O00000871','E0001','M00000871','ME001',0.8,'N');
Insert into MOVIESOFFERED values('O00000872','E0002','M00000872','ME002',1.5,'Y');
Insert into MOVIESOFFERED values('O00000873','E0003','M00000873','ME002',1.2,'Y');
Insert into MOVIESOFFERED values('O00000874','E0004','M00000874','ME001',0.85,'N');
Insert into MOVIESOFFERED values('O00000875','E0005','M00000875','ME002',2.1,'Y');
Insert into MOVIESOFFERED values('O00000876','E0006','M00000876','ME001',2.1,'N');
Insert into MOVIESOFFERED values('O00000877','E0001','M00000877','ME002',1.3,'Y');
Insert into MOVIESOFFERED values('O00000878','E0002','M00000878','ME001',1.7,'N');
Insert into MOVIESOFFERED values('O00000879','E0003','M00000879','ME001',0.85,'N');
Insert into MOVIESOFFERED values('O00000880','E0004','M00000880','ME002',2.1,'Y');
Insert into MOVIESOFFERED values('O00000881','E0005','M00000881','ME002',2.1,'Y');
Insert into MOVIESOFFERED values('O00000882','E0006','M00000882','ME001',1.3,'N');
Insert into MOVIESOFFERED values('O00000883','E0001','M00000883','ME002',1.7,'Y');
Insert into MOVIESOFFERED values('O00000884','E0002','M00000884','ME001',0.7,'N');
Insert into MOVIESOFFERED values('O00000885','E0003','M00000885','ME002',0.8,'Y');
Insert into MOVIESOFFERED values('O00000886','E0004','M00000886','ME002',1.5,'Y');
Insert into MOVIESOFFERED values('O00000887','E0005','M00000887','ME001',1.2,'N');
Insert into MOVIESOFFERED values('O00000888','E0006','M00000888','ME002',0.85,'Y');
Insert into MOVIESOFFERED values('O00000889','E0001','M00000889','ME001',2.1,'N');
Insert into MOVIESOFFERED values('O00000890','E0002','M00000890','ME002',2.1,'Y');
Insert into MOVIESOFFERED values('O00000891','E0003','M00000891','ME002',1.3,'Y');
Insert into MOVIESOFFERED values('O00000892','E0004','M00000892','ME001',1.7,'N');
Insert into MOVIESOFFERED values('O00000893','E0005','M00000893','ME002',0.85,'Y');
Insert into MOVIESOFFERED values('O00000894','E0006','M00000894','ME002',2.1,'Y');
Insert into MOVIESOFFERED values('O00000895','E0001','M00000895','ME001',2.1,'N');
Insert into MOVIESOFFERED values('O00000896','E0002','M00000896','ME002',1.3,'Y');
Insert into MOVIESOFFERED values('O00000897','E0003','M00000897','ME002',1.7,'Y');
Insert into MOVIESOFFERED values('O00000898','E0004','M00000898','ME001',0.7,'N');
Insert into MOVIESOFFERED values('O00000899','E0005','M00000899','ME002',0.8,'Y');
Insert into MOVIESOFFERED values('O00000900','E0006','M00000900','ME001',1.5,'N');
Insert into MOVIESOFFERED values('O00000901','E0001','M00000901','ME002',1.2,'Y');
Insert into MOVIESOFFERED values('O00000902','E0002','M00000902','ME002',0.85,'Y');
Insert into MOVIESOFFERED values('O00000903','E0003','M00000903','ME001',2.1,'N');
Insert into MOVIESOFFERED values('O00000904','E0004','M00000904','ME002',2.1,'Y');
Insert into MOVIESOFFERED values('O00000905','E0005','M00000905','ME001',1.3,'N');
Insert into MOVIESOFFERED values('O00000906','E0006','M00000906','ME002',1.7,'Y');
Insert into MOVIESOFFERED values('O00000907','E0001','M00000907','ME001',0.85,'N');
Insert into MOVIESOFFERED values('O00000908','E0002','M00000908','ME001',2.1,'N');
Insert into MOVIESOFFERED values('O00000909','E0003','M00000909','ME002',2.1,'Y');
Insert into MOVIESOFFERED values('O00000910','E0004','M00000910','ME002',1.3,'Y');
Insert into MOVIESOFFERED values('O00000911','E0005','M00000911','ME001',1.7,'N');
Insert into MOVIESOFFERED values('O00000912','E0006','M00000912','ME002',0.7,'Y');
Insert into MOVIESOFFERED values('O00000913','E0001','M00000913','ME001',0.8,'N');
Insert into MOVIESOFFERED values('O00000914','E0002','M00000914','ME002',1.5,'Y');
Insert into MOVIESOFFERED values('O00000915','E0003','M00000915','ME002',1.2,'Y');
Insert into MOVIESOFFERED values('O00000916','E0004','M00000916','ME001',0.85,'N');
Insert into MOVIESOFFERED values('O00000917','E0005','M00000917','ME002',2.1,'Y');
Insert into MOVIESOFFERED values('O00000918','E0006','M00000918','ME001',2.1,'N');
Insert into MOVIESOFFERED values('O00000919','E0001','M00000919','ME002',1.3,'Y');
Insert into MOVIESOFFERED values('O00000920','E0002','M00000920','ME002',1.7,'Y');
Insert into MOVIESOFFERED values('O00000921','E0003','M00000921','ME001',0.85,'N');
Insert into MOVIESOFFERED values('O00000922','E0004','M00000922','ME002',2.1,'Y');
Insert into MOVIESOFFERED values('O00000923','E0005','M00000923','ME002',2.1,'Y');
Insert into MOVIESOFFERED values('O00000924','E0006','M00000924','ME001',1.3,'N');
Insert into MOVIESOFFERED values('O00000925','E0001','M00000925','ME002',1.7,'Y');
Insert into MOVIESOFFERED values('O00000926','E0002','M00000926','ME002',0.7,'Y');
Insert into MOVIESOFFERED values('O00000927','E0003','M00000927','ME001',0.8,'N');
Insert into MOVIESOFFERED values('O00000928','E0004','M00000928','ME002',1.5,'Y');
Insert into MOVIESOFFERED values('O00000929','E0005','M00000929','ME001',1.2,'N');
Insert into MOVIESOFFERED values('O00000930','E0006','M00000930','ME002',0.85,'Y');
Insert into MOVIESOFFERED values('O00000931','E0001','M00000931','ME002',2.1,'Y');
Insert into MOVIESOFFERED values('O00000932','E0002','M00000932','ME001',2.1,'N');
Insert into MOVIESOFFERED values('O00000933','E0003','M00000933','ME002',1.3,'Y');
Insert into MOVIESOFFERED values('O00000934','E0004','M00000934','ME001',1.7,'N');
Insert into MOVIESOFFERED values('O00000935','E0005','M00000935','ME002',0.85,'Y');
Insert into MOVIESOFFERED values('O00000936','E0006','M00000936','ME001',2.1,'N');
Insert into MOVIESOFFERED values('O00000937','E0001','M00000937','ME001',2.1,'N');
Insert into MOVIESOFFERED values('O00000938','E0002','M00000938','ME002',1.3,'Y');
Insert into MOVIESOFFERED values('O00000939','E0003','M00000939','ME002',1.7,'Y');
Insert into MOVIESOFFERED values('O00000940','E0004','M00000940','ME001',0.7,'N');
Insert into MOVIESOFFERED values('O00000941','E0005','M00000941','ME002',0.8,'Y');
Insert into MOVIESOFFERED values('O00000942','E0006','M00000942','ME001',1.5,'N');
Insert into MOVIESOFFERED values('O00000943','E0001','M00000943','ME002',1.2,'Y');
Insert into MOVIESOFFERED values('O00000944','E0002','M00000944','ME002',0.85,'Y');
Insert into MOVIESOFFERED values('O00000945','E0003','M00000945','ME001',2.1,'N');
Insert into MOVIESOFFERED values('O00000946','E0004','M00000946','ME002',2.1,'Y');
Insert into MOVIESOFFERED values('O00000947','E0005','M00000947','ME001',1.3,'N');
Insert into MOVIESOFFERED values('O00000948','E0006','M00000948','ME002',1.7,'Y');
Insert into MOVIESOFFERED values('O00000949','E0001','M00000949','ME002',0.85,'Y');
Insert into MOVIESOFFERED values('O00000950','E0002','M00000950','ME001',2.1,'N');
Insert into MOVIESOFFERED values('O00000951','E0003','M00000951','ME002',2.1,'Y');
Insert into MOVIESOFFERED values('O00000952','E0004','M00000952','ME002',1.3,'Y');
Insert into MOVIESOFFERED values('O00000953','E0005','M00000953','ME001',1.7,'N');
Insert into MOVIESOFFERED values('O00000954','E0006','M00000954','ME002',0.7,'Y');
Insert into MOVIESOFFERED values('O00000955','E0001','M00000955','ME002',0.8,'Y');
Insert into MOVIESOFFERED values('O00000956','E0002','M00000956','ME001',1.5,'N');
Insert into MOVIESOFFERED values('O00000957','E0003','M00000957','ME002',1.2,'Y');
Insert into MOVIESOFFERED values('O00000958','E0004','M00000958','ME001',0.85,'N');
Insert into MOVIESOFFERED values('O00000959','E0005','M00000959','ME002',2.1,'Y');
Insert into MOVIESOFFERED values('O00000960','E0006','M00000960','ME002',2.1,'Y');
Insert into MOVIESOFFERED values('O00000961','E0001','M00000961','ME001',1.3,'N');
Insert into MOVIESOFFERED values('O00000962','E0002','M00000962','ME002',1.7,'Y');
Insert into MOVIESOFFERED values('O00000963','E0003','M00000963','ME001',0.85,'N');
Insert into MOVIESOFFERED values('O00000964','E0004','M00000964','ME002',2.1,'Y');
Insert into MOVIESOFFERED values('O00000965','E0005','M00000965','ME001',2.1,'N');
Insert into MOVIESOFFERED values('O00000966','E0006','M00000966','ME001',1.3,'N');
Insert into MOVIESOFFERED values('O00000967','E0001','M00000967','ME002',1.7,'Y');
Insert into MOVIESOFFERED values('O00000968','E0002','M00000968','ME002',0.7,'Y');
Insert into MOVIESOFFERED values('O00000969','E0003','M00000969','ME001',0.8,'N');
Insert into MOVIESOFFERED values('O00000970','E0004','M00000970','ME002',1.5,'Y');
Insert into MOVIESOFFERED values('O00000971','E0005','M00000971','ME001',1.2,'N');
Insert into MOVIESOFFERED values('O00000972','E0006','M00000972','ME002',0.85,'Y');
Insert into MOVIESOFFERED values('O00000973','E0001','M00000973','ME002',2.1,'Y');
Insert into MOVIESOFFERED values('O00000974','E0002','M00000974','ME001',2.1,'N');
Insert into MOVIESOFFERED values('O00000975','E0003','M00000975','ME002',1.3,'Y');
Insert into MOVIESOFFERED values('O00000976','E0004','M00000976','ME001',1.7,'N');
Insert into MOVIESOFFERED values('O00000977','E0005','M00000977','ME002',0.85,'Y');
Insert into MOVIESOFFERED values('O00000978','E0006','M00000978','ME002',2.1,'Y');
Insert into MOVIESOFFERED values('O00000979','E0001','M00000979','ME001',2.1,'N');
Insert into MOVIESOFFERED values('O00000980','E0002','M00000980','ME002',1.3,'Y');
Insert into MOVIESOFFERED values('O00000981','E0003','M00000981','ME002',1.7,'Y');
Insert into MOVIESOFFERED values('O00000982','E0004','M00000982','ME001',0.7,'N');
Insert into MOVIESOFFERED values('O00000983','E0005','M00000983','ME002',0.8,'Y');
Insert into MOVIESOFFERED values('O00000984','E0006','M00000984','ME002',1.5,'Y');
Insert into MOVIESOFFERED values('O00000985','E0001','M00000985','ME001',1.2,'N');
Insert into MOVIESOFFERED values('O00000986','E0002','M00000986','ME002',0.85,'Y');
Insert into MOVIESOFFERED values('O00000987','E0003','M00000987','ME001',2.1,'N');
Insert into MOVIESOFFERED values('O00000988','E0004','M00000988','ME002',2.1,'Y');
Insert into MOVIESOFFERED values('O00000989','E0005','M00000989','ME002',1.3,'Y');
Insert into MOVIESOFFERED values('O00000990','E0006','M00000990','ME001',1.7,'N');
Insert into MOVIESOFFERED values('O00000991','E0001','M00000991','ME002',0.85,'Y');
Insert into MOVIESOFFERED values('O00000992','E0002','M00000992','ME001',2.1,'N');
Insert into MOVIESOFFERED values('O00000993','E0003','M00000993','ME002',2.1,'Y');
Insert into MOVIESOFFERED values('O00000994','E0004','M00000994','ME001',1.3,'N');
Insert into MOVIESOFFERED values('O00000995','E0005','M00000995','ME001',1.7,'N');
Insert into MOVIESOFFERED values('O00000996','E0006','M00000996','ME002',0.7,'Y');
Insert into MOVIESOFFERED values('O00000997','E0001','M00000997','ME002',0.8,'Y');
Insert into MOVIESOFFERED values('O00000998','E0002','M00000998','ME001',1.5,'N');
Insert into MOVIESOFFERED values('O00000999','E0003','M00000999','ME002',1.2,'Y');
Insert into MOVIESOFFERED values('O00001000','E0004','M00001000','ME001',0.85,'N');
