insert into movie values('M00000001','The Shawshank Redemption (1994)','Frank Darabont','Castle Rock Entertainment','G0001',19,1);
insert into movie values('M00000002','The Godfather (1972)','Francis Ford Coppola','Alfran Productions','G0002',21,1);
insert into movie values('M00000003','The Godfather: Part II (1974)','Francis Ford Coppola','Alfran Productions','G0003',22,2);
insert into movie values('M00000004','The Dark Knight (2008)','Christopher Nolan','Legendary Pictures','G0004',19,2);
insert into movie values('M00000005','Pulp Fiction (1994)',Quentin Tarantino','Miramax Films','G0005',21,1);
insert into movie values('M00000006',"'The Good, the Bad and the Ugly (1966)'",'Dir0001','PC0001','G0006',22,1);
insert into movie values('M00000007','12 Angry Men (1957)','Dir0002','PC0002','G0007',18,1);
insert into movie values('M00000008','The Lord of the Rings: The Return of the King (2003)','Dir0003','PC0003','G0008',23,1);
insert into movie values('M00000009','Schindler\'s List (1993)','Dir0004','PC0004','G0009',20,1);
insert into movie values('M00000010','Fight Club (1999)','Dir0005','PC0005','G0010',19,1);
insert into movie values('M00000011','The Lord of the Rings: The Fellowship of the Ring (2001)','Dir0006','PC0006','G0011',21,1);
insert into movie values('M00000012','Inception (2010)','Dir0007','PC0007','G0012',22,1);
insert into movie values('M00000013','Interstellar (2014)','Dir0008','PC0008','G0013',19,1);
insert into movie values('M00000014','Star Wars: Episode V - The Empire Strikes Back (1980)','Dir0009','PC0009','G0014',21,5);
insert into movie values('M00000015','Forrest Gump (1994)','Dir0010','PC0010','G0015',22,1);
insert into movie values('M00000016','The Lord of the Rings: The Two Towers (2002)','Dir0011','PC0011','G0016',18,1);
insert into movie values('M00000017','One Flew Over the Cuckoo\'s Nest (1975)','Dir0012','PC0012','G0017',23,1);
insert into movie values('M00000018','Seven Samurai (1954)','Dir0013','PC0013','G0018',20,1);
insert into movie values('M00000019','Goodfellas (1990)','Dir0014','PC0014','G0019',19,1);
insert into movie values('M00000020','Star Wars (1977)','Dir0015','PC0015','G0020',21,1);
insert into movie values('M00000021','The Matrix (1999)','Dir0016','PC0016','G0021',22,1);
insert into movie values('M00000022','City of God (2002)','Dir0017','PC0017','G0022',19,1);
insert into movie values('M00000023','It\'s a Wonderful Life (1946)','Dir0018','PC0018','G0023',21,1);
insert into movie values('M00000024','The Usual Suspects (1995)','Dir0019','PC0019','G0024',22,1);
insert into movie values('M00000025','Se7en (1995)','Dir0020','PC0020','G0025',18,1);
insert into movie values('M00000026','Life Is Beautiful (1997)','Dir0021','PC0021','G0026',23,1);
insert into movie values('M00000027','The Bandit (1996)','Dir0022','PC0022','G0027',20,1);
insert into movie values('M00000028','Once Upon a Time in the West (1968)','Dir0023','PC0023','G0028',19,1);
insert into movie values('M00000029','The Silence of the Lambs (1991)','Dir0024','PC0024','G0029',21,1);
insert into movie values('M00000030','Léon: The Professional (1994)','Dir0025','PC0025','G0030',22,1);
insert into movie values('M00000031','City Lights (1931)','Dir0026','PC0026','G0031',19,1);
insert into movie values('M00000032','Whiplash (2014)','Dir0027','PC0027','G0032',21,1);
insert into movie values('M00000033','The Intouchables (2011)','Dir0028','PC0028','G0033',22,1);
insert into movie values('M00000034','Casablanca (1942)','Dir0029','PC0029','G0001',18,1);
insert into movie values('M00000035','Spirited Away (2001)','Dir0030','PC0030','G0002',23,1);
insert into movie values('M00000036','American History X (1998)','Dir0031','PC0031','G0003',20,1);
insert into movie values('M00000037','Modern Times (1936)','Dir0032','PC0032','G0004',19,1);
insert into movie values('M00000038','Saving Private Ryan (1998)','Dir0033','PC0033','G0005',21,1);
insert into movie values('M00000039','Raiders of the Lost Ark (1981)','Dir0034','PC0034','G0006',22,1);
insert into movie values('M00000040','Rear Window (1954)','Dir0035','PC0035','G0007',19,1);
insert into movie values('M00000041','Psycho (1960)','Dir0036','PC0036','G0008',21,1);
insert into movie values('M00000042','The Green Mile (1999)','Dir0037','PC0037','G0009',22,1);
insert into movie values('M00000043','Sunset Blvd. (1950)','Dir0038','PC0038','G0010',18,1);
insert into movie values('M00000044','The Dark Knight Rises (2012)','Dir0039','PC0039','G0011',23,1);
insert into movie values('M00000045','Haider (2014)','Dir0040','PC0040','G0012',20,1);
insert into movie values('M00000046','Like Stars on Earth (2007)','Dir0041','PC0041','G0013',19,1);
insert into movie values('M00000047','The Pianist (2002)','Dir0042','PC0042','G0014',21,1);
insert into movie values('M00000048','Memento (2000)','Dir0043','PC0043','G0015',22,1);
insert into movie values('M00000049','Terminator 2: Judgment Day (1991)','Dir0044','PC0044','G0016',19,1);
insert into movie values('M00000050','Gladiator (2000)','Dir0045','PC0045','G0017',21,1);
insert into movie values('M00000051','Dr. Strangelove or: How I Learned to Stop Worrying and Love the Bomb (1964)','Dir0046','PC0046','G0018',22,1);
insert into movie values('M00000052','A Wednesday (2008)','Dir0047','PC0047','G0019',18,1);
insert into movie values('M00000053','The Departed (2006)','Dir0048','PC0048','G0020',23,1);
insert into movie values('M00000054','Queen (2014)','Dir0049','PC0049','G0021',20,1);
insert into movie values('M00000055','Cinema Paradiso (1988)','Dir0050','PC0050','G0022',19,1);
insert into movie values('M00000056','PK (2014)','Dir0051','PC0051','G0023',21,1);
insert into movie values('M00000057','The Great Dictator (1940)','Dir0052','PC0052','G0024',22,1);
insert into movie values('M00000058','Apocalypse Now (1979)','Dir0053','PC0053','G0025',19,1);
insert into movie values('M00000059','The Prestige (2006)','Dir0054','PC0054','G0026',21,1);
insert into movie values('M00000060','Back to the Future (1985)','Dir0055','PC0055','G0027',22,1);
insert into movie values('M00000061','Munna Bhai M.B.B.S. (2003)','Dir0056','PC0056','G0028',18,1);
insert into movie values('M00000062','The Lives of Others (2006)','Dir0057','PC0057','G0029',23,1);
insert into movie values('M00000063','The Lion King (1994)','Dir0058','PC0058','G0030',20,1);
insert into movie values('M00000064','Alien (1979)','Dir0059','PC0059','G0031',19,1);
insert into movie values('M00000065','Django Unchained (2012)','Dir0060','PC0060','G0032',21,1);
insert into movie values('M00000066','Paths of Glory (1957)','Dir0061','PC0061','G0033',22,1);
insert into movie values('M00000067','3 Idiots (2009)','Dir0062','PC0062','G0001',19,1);
insert into movie values('M00000068','Gangs of Wasseypur (2012)','Dir0063','PC0063','G0002',21,1);
insert into movie values('M00000069','Grave of the Fireflies (1988)','Dir0064','PC0064','G0003',22,1);
insert into movie values('M00000070','The Shining (1980)','Dir0065','PC0065','G0004',18,1);
insert into movie values('M00000071','M (1931)','Dir0066','PC0066','G0005',23,1);
insert into movie values('M00000072','WALL·E (2008)','Dir0067','PC0067','G0006',20,1);
insert into movie values('M00000073','Witness for the Prosecution (1957)','Dir0068','PC0068','G0007',19,1);
insert into movie values('M00000074','Rang De Basanti (2006)','Dir0069','PC0069','G0008',21,1);
insert into movie values('M00000075','American Beauty (1999)','Dir0070','PC0070','G0009',22,1);
insert into movie values('M00000076','Chakde! India (2007)','Dir0071','PC0071','G0010',19,1);
insert into movie values('M00000077','Das Boot (1981)','Dir0072','PC0072','G0011',21,1);
insert into movie values('M00000078','Princess Mononoke (1997)','Dir0073','PC0073','G0012',22,1);
insert into movie values('M00000079','Amélie (2001)','Dir0074','PC0074','G0013',18,1);
insert into movie values('M00000080','North by Northwest (1959)','Dir0075','PC0075','G0014',23,1);
insert into movie values('M00000081','A Separation (2011)','Dir0076','PC0076','G0015',20,1);
insert into movie values('M00000082','Citizen Kane (1941)','Dir0077','PC0077','G0016',19,1);
insert into movie values('M00000083','Aliens (1986)','Dir0078','PC0078','G0017',21,1);
insert into movie values('M00000084','Vertigo (1958)','Dir0079','PC0079','G0018',22,1);
insert into movie values('M00000085','Oldboy (2003)','Dir0080','PC0080','G0019',19,1);
insert into movie values('M00000086','Once Upon a Time in America (1984)','Dir0081','PC0081','G0020',21,1);
insert into movie values('M00000087','Double Indemnity (1944)','Dir0082','PC0082','G0021',22,1);
insert into movie values('M00000088','Toy Story 3 (2010)','Dir0083','PC0083','G0022',18,1);
insert into movie values('M00000089','Bhaag Milkha Bhaag (2013)','Dir0084','PC0084','G0023',23,1);
insert into movie values('M00000090','Braveheart (1995)','Dir0085','PC0085','G0024',20,1);
insert into movie values('M00000091','Star Wars: Episode VI - Return of the Jedi (1983)','Dir0086','PC0086','G0025',19,1);
insert into movie values('M00000092','To Kill a Mockingbird (1962)','Dir0087','PC0087','G0026',21,1);
insert into movie values('M00000093','Lawrence of Arabia (1962)','Dir0088','PC0088','G0027',22,1);
insert into movie values('M00000094','Requiem for a Dream (2000)','Dir0089','PC0089','G0028',19,1);
insert into movie values('M00000095','Swades (2004)','Dir0090','PC0090','G0029',21,1);
insert into movie values('M00000096','A Clockwork Orange (1971)','Dir0091','PC0091','G0030',22,1);
insert into movie values('M00000097','The Kid (1921)','Dir0092','PC0092','G0031',18,1);
insert into movie values('M00000098','Bicycle Thieves (1948)','Dir0093','PC0093','G0032',23,1);
insert into movie values('M00000099','Dilwale Dulhania Le Jayenge (1995)','Dir0094','PC0094','G0033',20,1);
insert into movie values('M00000100','Reservoir Dogs (1992)','Dir0095','PC0095','G0001',19,1);
insert into movie values('M00000101','Eternal Sunshine of the Spotless Mind (2004)','Dir0096','PC0096','G0002',21,1);
insert into movie values('M00000102','Taxi Driver (1976)','Dir0097','PC0097','G0003',22,1);
insert into movie values('M00000103','Singin\' in the Rain (1952)','Dir0098','PC0098','G0004',19,1);
insert into movie values('M00000104','All About Eve (1950)','Dir0099','PC0099','G0005',21,1);
insert into movie values('M00000105','Yojimbo (1961)','Dir0100','PC0100','G0006',22,1);
insert into movie values('M00000106','Dil Chahta Hai (2001)','Dir0101','PC0101','G0007',18,1);
insert into movie values('M00000107','The Sting (1973)','Dir0102','PC0102','G0008',23,1);
insert into movie values('M00000108','Rashomon (1950)','Dir0103','PC0103','G0009',20,1);
insert into movie values('M00000109','Amadeus (1984)','Dir0104','PC0104','G0010',19,1);
insert into movie values('M00000110','The Treasure of the Sierra Madre (1948)','Dir0105','PC0105','G0011',21,1);
insert into movie values('M00000111','Monty Python and the Holy Grail (1975)','Dir0106','PC0106','G0012',22,1);
insert into movie values('M00000112','Full Metal Jacket (1987)','Dir0107','PC0107','G0013',19,1);
insert into movie values('M00000113','The Apartment (1960)','Dir0108','PC0108','G0014',21,1);
insert into movie values('M00000114','Ikiru (1952)','Dir0109','PC0109','G0015',22,1);
insert into movie values('M00000115','The Third Man (1949)','Dir0110','PC0110','G0016',18,1);
insert into movie values('M00000116','For a Few Dollars More (1965)','Dir0111','PC0111','G0017',23,1);
insert into movie values('M00000117','Snatch. (2000)','Dir0112','PC0112','G0018',20,1);
insert into movie values('M00000118','Metropolis (1927)','Dir0113','PC0113','G0019',19,1);
insert into movie values('M00000119','2001: A Space Odyssey (1968)','Dir0114','PC0114','G0020',21,1);
insert into movie values('M00000120','Some Like It Hot (1959)','Dir0115','PC0115','G0021',22,1);
insert into movie values('M00000121','Batman Begins (2005)','Dir0116','PC0116','G0022',19,1);
insert into movie values('M00000122','L.A. Confidential (1997)','Dir0117','PC0117','G0023',21,1);
insert into movie values('M00000123','Inglourious Basterds (2009)','Dir0118','PC0118','G0024',22,1);
insert into movie values('M00000124','Scarface (1983)','Dir0119','PC0119','G0025',18,1);
insert into movie values('M00000125','Mr. Smith Goes to Washington (1939)','Dir0120','PC0120','G0026',23,1);
insert into movie values('M00000126','Toy Story (1995)','Dir0121','PC0121','G0027',20,1);
insert into movie values('M00000127','Indiana Jones and the Last Crusade (1989)','Dir0122','PC0122','G0028',19,1);
insert into movie values('M00000128','Unforgiven (1992)','Dir0123','PC0123','G0029',21,1);
insert into movie values('M00000129','The Great Escape (1963)','Dir0124','PC0124','G0030',22,1);
insert into movie values('M00000130','On the Waterfront (1954)','Dir0125','PC0125','G0031',19,1);
insert into movie values('M00000131','The Hunt (2012)','Dir0126','PC0126','G0032',21,1);
insert into movie values('M00000132','Raging Bull (1980)','Dir0127','PC0127','G0033',22,1);
insert into movie values('M00000133','The General (1926)','Dir0128','PC0128','G0001',18,1);
insert into movie values('M00000134','Downfall (2004)','Dir0129','PC0129','G0002',23,1);
insert into movie values('M00000135','Up (2009)','Dir0130','PC0130','G0003',20,1);
insert into movie values('M00000136','Wild Strawberries (1957)','Dir0131','PC0131','G0004',19,1);
insert into movie values('M00000137','The Gold Rush (1925)','Dir0132','PC0132','G0005',21,1);
insert into movie values('M00000138','Chinatown (1974)','Dir0133','PC0133','G0006',22,1);
insert into movie values('M00000139','Ran (1985)','Dir0134','PC0134','G0007',19,1);
insert into movie values('M00000140','My Neighbor Totoro (1988)','Dir0135','PC0135','G0008',21,1);
insert into movie values('M00000141','Judgment at Nuremberg (1961)','Dir0136','PC0136','G0009',22,1);
insert into movie values('M00000142','Barfi! (2012)','Dir0137','PC0137','G0010',18,1);
insert into movie values('M00000143','The Seventh Seal (1957)','Dir0138','PC0138','G0011',23,1);
insert into movie values('M00000144','Lagaan: Once Upon a Time in India (2001)','Dir0139','PC0139','G0012',20,1);
insert into movie values('M00000145','Heat (1995)','Dir0140','PC0140','G0013',19,1);
insert into movie values('M00000146','The Bridge on the River Kwai (1957)','Dir0141','PC0141','G0014',21,1);
insert into movie values('M00000147','Pan\'s Labyrinth (2006)','Dir0142','PC0142','G0015',22,1);
insert into movie values('M00000148','Die Hard (1988)','Dir0143','PC0143','G0016',19,1);
insert into movie values('M00000149','The Wages of Fear (1953)','Dir0144','PC0144','G0017',21,1);
insert into movie values('M00000150','Kahaani (2012)','Dir0145','PC0145','G0018',22,1);
insert into movie values('M00000151','Good Will Hunting (1997)','Dir0146','PC0146','G0019',18,1);
insert into movie values('M00000152','The Secret in Their Eyes (2009)','Dir0147','PC0147','G0020',23,1);
insert into movie values('M00000153','The Wolf of Wall Street (2013)','Dir0148','PC0148','G0021',20,1);
insert into movie values('M00000154','It Happened One Night (1934)','Dir0149','PC0149','G0022',19,1);
insert into movie values('M00000155','Warrior (2011)','Dir0150','PC0150','G0023',21,1);
insert into movie values('M00000156','The Elephant Man (1980)','Dir0151','PC0151','G0024',22,1);
insert into movie values('M00000157','Blade Runner (1982)','Dir0152','PC0152','G0025',19,1);
insert into movie values('M00000158','Howl\'s Moving Castle (2004)','Dir0153','PC0153','G0026',21,1);
insert into movie values('M00000159','Rebecca (1940)','Dir0154','PC0154','G0027',22,1);
insert into movie values('M00000160','Incendies (2010)','Dir0155','PC0155','G0028',18,1);
insert into movie values('M00000161','Gone Girl (2014)','Dir0156','PC0156','G0029',23,1);
insert into movie values('M00000162',"'Lock, Stock and Two Smoking Barrels (1998)'",'Dir0157','PC0157','G0030',20,1);
insert into movie values('M00000163','Kingsman: The Secret Service (2014)','Dir0158','PC0158','G0031',19,1);
insert into movie values('M00000164','V for Vendetta (2005)','Dir0159','PC0159','G0032',21,1);
insert into movie values('M00000165','The Big Lebowski (1998)','Dir0160','PC0160','G0033',22,1);
insert into movie values('M00000166','Cool Hand Luke (1967)','Dir0161','PC0161','G0001',19,1);
insert into movie values('M00000167','Casino (1995)','Dir0162','PC0162','G0002',21,1);
insert into movie values('M00000168','Gone with the Wind (1939)','Dir0163','PC0163','G0003',22,1);
insert into movie values('M00000169','The Best Years of Our Lives (1946)','Dir0164','PC0164','G0004',18,1);
insert into movie values('M00000170','Diabolique (1955)','Dir0165','PC0165','G0005',23,1);
insert into movie values('M00000171','How to Train Your Dragon (2010)','Dir0166','PC0166','G0006',20,1);
insert into movie values('M00000172','Rush (2013)','Dir0167','PC0167','G0007',19,1);
insert into movie values('M00000173','Gran Torino (2008)','Dir0168','PC0168','G0008',21,1);
insert into movie values('M00000174','Into the Wild (2007)','Dir0169','PC0169','G0009',22,1);
insert into movie values('M00000175','Hachi: A Dog\'s Tale (2009)','Dir0170','PC0170','G0010',19,1);
insert into movie values('M00000176','My Sassy Girl (2001)','Dir0171','PC0171','G0011',21,1);
insert into movie values('M00000177','The Deer Hunter (1978)','Dir0172','PC0172','G0012',22,1);
insert into movie values('M00000178','Mary and Max (2009)','Dir0173','PC0173','G0013',18,1);
insert into movie values('M00000179','The Maltese Falcon (1941)','Dir0174','PC0174','G0014',23,1);
insert into movie values('M00000180','Dial M for Murder (1954)','Dir0175','PC0175','G0015',20,1);
insert into movie values('M00000181','A Beautiful Mind (2001)','Dir0176','PC0176','G0016',19,1);
insert into movie values('M00000182','Trainspotting (1996)','Dir0177','PC0177','G0017',21,1);
insert into movie values('M00000183','Tae Guk Gi: The Brotherhood of War (2004)','Dir0178','PC0178','G0018',22,1);
insert into movie values('M00000184','The Avengers (2012)','Dir0179','PC0179','G0019',19,1);
insert into movie values('M00000185','Fargo (1996)','Dir0180','PC0180','G0020',21,1);
insert into movie values('M00000186','Touch of Evil (1958)','Dir0181','PC0181','G0021',22,1);
insert into movie values('M00000187','The Imitation Game (2014)','Dir0182','PC0182','G0022',18,1);
insert into movie values('M00000188','Persona (1966)','Dir0183','PC0183','G0023',23,1);
insert into movie values('M00000189','The Princess Bride (1987)','Dir0184','PC0184','G0024',20,1);
insert into movie values('M00000190','Hotel Rwanda (2004)','Dir0185','PC0185','G0025',19,1);
insert into movie values('M00000191','The 400 Blows (1959)','Dir0186','PC0186','G0026',21,1);
insert into movie values('M00000192','Stalker (1979)','Dir0187','PC0187','G0027',22,1);
insert into movie values('M00000193','Underground (1995)','Dir0188','PC0188','G0028',19,1);
insert into movie values('M00000194','Guardians of the Galaxy (2014)','Dir0189','PC0189','G0029',21,1);
insert into movie values('M00000195','The Battle of Algiers (1966)','Dir0190','PC0190','G0030',22,1);
insert into movie values('M00000196','Butch Cassidy and the Sundance Kid (1969)','Dir0191','PC0191','G0031',18,1);
insert into movie values('M00000197','Network (1976)','Dir0192','PC0192','G0032',23,1);
insert into movie values('M00000198','Fanny and Alexander (1982)','Dir0193','PC0193','G0033',20,1);
insert into movie values('M00000199','The Thing (1982)','Dir0194','PC0194','G0001',19,1);
insert into movie values('M00000200',"'Black Cat, White Cat (1998)'",'Dir0195','PC0195','G0002',21,1);
insert into movie values('M00000201','The Grapes of Wrath (1940)','Dir0196','PC0196','G0003',22,1);
insert into movie values('M00000202','Boyhood (2014)','Dir0197','PC0197','G0004',19,1);
insert into movie values('M00000203','Life of Brian (1979)','Dir0198','PC0198','G0005',21,1);
insert into movie values('M00000204','The Sixth Sense (1999)','Dir0199','PC0199','G0006',22,1);
insert into movie values('M00000205','Finding Nemo (2003)','Dir0200','PC0200','G0007',18,1);
insert into movie values('M00000206','Nausicaä of the Valley of the Wind (1984)','Dir0201','PC0201','G0008',23,1);
insert into movie values('M00000207','Platoon (1986)','Dir0202','PC0202','G0009',20,1);
insert into movie values('M00000208','In the Name of the Father (1993)','Dir0203','PC0203','G0010',19,1);
insert into movie values('M00000209','12 Years a Slave (2013)','Dir0204','PC0204','G0011',21,1);
insert into movie values('M00000210','Kill Bill: Vol. 1 (2003)','Dir0205','PC0205','G0012',22,1);
insert into movie values('M00000211','No Country for Old Men (2007)','Dir0206','PC0206','G0013',19,1);
insert into movie values('M00000212','Le Samouraï (1967)','Dir0207','PC0207','G0014',21,1);
insert into movie values('M00000213','8½ (1963)','Dir0208','PC0208','G0015',22,1);
insert into movie values('M00000214','Ben-Hur (1959)','Dir0209','PC0209','G0016',18,1);
insert into movie values('M00000215','The Legend of 1900 (1998)','Dir0210','PC0210','G0017',23,1);
insert into movie values('M00000216','Annie Hall (1977)','Dir0211','PC0211','G0018',20,1);
insert into movie values('M00000217','Amores Perros (2000)','Dir0212','PC0212','G0019',19,1);
insert into movie values('M00000218','Stand by Me (1986)','Dir0213','PC0213','G0020',21,1);
insert into movie values('M00000219','The Grand Budapest Hotel (2014)','Dir0214','PC0214','G0021',22,1);
insert into movie values('M00000220','Laura (1944)','Dir0215','PC0215','G0022',19,1);
insert into movie values('M00000221','Departures (2008)','Dir0216','PC0216','G0023',21,1);
insert into movie values('M00000222','What Ever Happened to Baby Jane? (1962)','Dir0217','PC0217','G0024',22,1);
insert into movie values('M00000223','Kal Ho Naa Ho (2003)','Dir0218','PC0218','G0025',18,1);
insert into movie values('M00000224','Infernal Affairs (2002)','Dir0219','PC0219','G0026',23,1);
insert into movie values('M00000225','There Will Be Blood (2007)','Dir0220','PC0220','G0027',20,1);
insert into movie values('M00000226','La Strada (1954)','Dir0221','PC0221','G0028',19,1);
insert into movie values('M00000227','Sin City (2005)','Dir0222','PC0222','G0029',21,1);
insert into movie values('M00000228','Memories of Murder (2003)','Dir0223','PC0223','G0030',22,1);
insert into movie values('M00000229','Donnie Darko (2001)','Dir0224','PC0224','G0031',19,1);
insert into movie values('M00000230','Who\'s Afraid of Virginia Woolf? (1966)','Dir0225','PC0225','G0032',21,1);
insert into movie values('M00000231','Gandhi (1982)','Dir0226','PC0226','G0033',22,1);
insert into movie values('M00000232','Harry Potter and the Deathly Hallows: Part 2 (2011)','Dir0227','PC0227','G0001',18,1);
insert into movie values('M00000233','The Wizard of Oz (1939)','Dir0228','PC0228','G0002',23,1);
insert into movie values('M00000234','3-Iron (2004)','Dir0229','PC0229','G0003',20,1);
insert into movie values('M00000235','Solaris (1972)','Dir0230','PC0230','G0004',19,1);
insert into movie values('M00000236','Strangers on a Train (1951)','Dir0231','PC0231','G0005',21,1);
insert into movie values('M00000237','The Night of the Hunter (1955)','Dir0232','PC0232','G0006',22,1);
insert into movie values('M00000238','Million Dollar Baby (2004)','Dir0233','PC0233','G0007',19,1);
insert into movie values('M00000239',"'Paris, Texas (1984)'",'Dir0234','PC0234','G0008',21,1);
insert into movie values('M00000240','The Last Picture Show (1971)','Dir0235','PC0235','G0009',22,1);
insert into movie values('M00000241','La Haine (1995)','Dir0236','PC0236','G0010',18,1);
insert into movie values('M00000242','Cat on a Hot Tin Roof (1958)','Dir0237','PC0237','G0011',23,1);
insert into movie values('M00000243','High Noon (1952)','Dir0238','PC0238','G0012',20,1);
insert into movie values('M00000244','Notorious (1946)','Dir0239','PC0239','G0013',19,1);
insert into movie values('M00000245','Ip Man (2008)','Dir0240','PC0240','G0014',21,1);
insert into movie values('M00000246','Chungking Express (1994)','Dir0241','PC0241','G0015',22,1);
insert into movie values('M00000247','La Dolce Vita (1960)','Dir0242','PC0242','G0016',19,1);
insert into movie values('M00000248','X-Men: Days of Future Past (2014)','Dir0243','PC0243','G0017',21,1);
insert into movie values('M00000249','Elite Squad: The Enemy Within (2010)','Dir0244','PC0244','G0018',22,1);
insert into movie values('M00000250','Before Sunrise (1995)','Dir0245','PC0245','G0019',18,1);
insert into movie values('M00000251','The Bourne Ultimatum (2007)','Dir0246','PC0246','G0020',23,1);
insert into movie values('M00000252','The Celebration (1998)','Dir0247','PC0247','G0021',20,1);
insert into movie values('M00000253','Castle in the Sky (1986)','Dir0248','PC0248','G0022',19,1);
insert into movie values('M00000254','Stalag 17 (1953)','Dir0249','PC0249','G0023',21,1);
insert into movie values('M00000255',"'Spring, Summer, Fall, Winter... and Spring (2003)'",'Dir0250','PC0250','G0024',22,1);
insert into movie values('M00000256','Zindagi Na Milegi Dobara (2011)','Dir0251','PC0251','G0025',19,1);
insert into movie values('M00000257','Barry Lyndon (1975)','Dir0252','PC0252','G0026',21,1);
insert into movie values('M00000258','Shutter Island (2010)','Dir0253','PC0253','G0027',22,1);
insert into movie values('M00000259','Three Colors: Red (1994)','Dir0254','PC0254','G0028',18,1);
insert into movie values('M00000260','In the Mood for Love (2000)','Dir0255','PC0255','G0029',23,1);
insert into movie values('M00000261','Sleuth (1972)','Dir0256','PC0256','G0030',20,1);
insert into movie values('M00000262','Arsenic and Old Lace (1944)','Dir0257','PC0257','G0031',19,1);
insert into movie values('M00000263','The Big Sleep (1946)','Dir0258','PC0258','G0032',21,1);
insert into movie values('M00000264','The Man Who Shot Liberty Valance (1962)','Dir0259','PC0259','G0033',22,1);
insert into movie values('M00000265','Roman Holiday (1953)','Dir0260','PC0260','G0001',19,1);
insert into movie values('M00000266','The Philadelphia Story (1940)','Dir0261','PC0261','G0002',21,1);
insert into movie values('M00000267','Akira (1988)','Dir0262','PC0262','G0003',22,1);
insert into movie values('M00000268','The Raid 2 (2014)','Dir0263','PC0263','G0004',18,1);
insert into movie values('M00000269','The Help (2011)','Dir0264','PC0264','G0005',23,1);
insert into movie values('M00000270','The Hustler (1961)','Dir0265','PC0265','G0006',20,1);
insert into movie values('M00000271','Anatomy of a Murder (1959)','Dir0266','PC0266','G0007',19,1);
insert into movie values('M00000272','The Sea Inside (2004)','Dir0267','PC0267','G0008',21,1);
insert into movie values('M00000273','Rio Bravo (1959)','Dir0268','PC0268','G0009',22,1);
insert into movie values('M00000274','Twelve Monkeys (1995)','Dir0269','PC0269','G0010',19,1);
insert into movie values('M00000275','Elite Squad (2007)','Dir0270','PC0270','G0011',21,1);
insert into movie values('M00000276','The Cabinet of Dr. Caligari (1920)','Dir0271','PC0271','G0012',22,1);
insert into movie values('M00000277','Jaws (1975)','Dir0272','PC0272','G0013',18,1);
insert into movie values('M00000278','Harvey (1950)','Dir0273','PC0273','G0014',23,1);
insert into movie values('M00000279','A Christmas Story (1983)','Dir0274','PC0274','G0015',20,1);
insert into movie values('M00000280','Rocky (1976)','Dir0275','PC0275','G0016',19,1);
insert into movie values('M00000281','Pirates of the Caribbean: The Curse of the Black Pearl (2003)','Dir0276','PC0276','G0017',21,1);
insert into movie values('M00000282','The King\'s Speech (2010)','Dir0277','PC0277','G0018',22,1);
insert into movie values('M00000283','Papillon (1973)','Dir0278','PC0278','G0019',19,1);
insert into movie values('M00000284','Wings of Desire (1987)','Dir0279','PC0279','G0020',21,1);
insert into movie values('M00000285','The Killing (1956)','Dir0280','PC0280','G0021',22,1);
insert into movie values('M00000286','Groundhog Day (1993)','Dir0281','PC0281','G0022',18,1);
insert into movie values('M00000287','A Fistful of Dollars (1964)','Dir0282','PC0282','G0023',23,1);
insert into movie values('M00000288','Bringing Up Baby (1938)','Dir0283','PC0283','G0024',20,1);
insert into movie values('M00000289','The Perks of Being a Wallflower (2012)','Dir0284','PC0284','G0025',19,1);
insert into movie values('M00000290','Dog Day Afternoon (1975)','Dir0285','PC0285','G0026',21,1);
insert into movie values('M00000291',"'Monsters, Inc. (2001)'",'Dir0286','PC0286','G0027',22,1);
insert into movie values('M00000292','Harold and Maude (1971)','Dir0287','PC0287','G0028',19,1);
insert into movie values('M00000293','Young Frankenstein (1974)','Dir0288','PC0288','G0029',21,1);
insert into movie values('M00000294','The Terminator (1984)','Dir0289','PC0289','G0030',22,1);
insert into movie values('M00000295','Before Sunset (2004)','Dir0290','PC0290','G0031',18,1);
insert into movie values('M00000296','The Diving Bell and the Butterfly (2007)','Dir0291','PC0291','G0032',23,1);
insert into movie values('M00000297','His Girl Friday (1940)','Dir0292','PC0292','G0033',20,1);
insert into movie values('M00000298','A Streetcar Named Desire (1951)','Dir0293','PC0293','G0001',19,1);
insert into movie values('M00000299','Sling Blade (1996)','Dir0294','PC0294','G0002',21,1);
insert into movie values('M00000300','The Return (2003)','Dir0295','PC0295','G0003',22,1);
insert into movie values('M00000301','All Quiet on the Western Front (1930)','Dir0296','PC0296','G0004',19,1);
insert into movie values('M00000302','Duck Soup (1933)','Dir0297','PC0297','G0005',21,1);
insert into movie values('M00000303','Prisoners (2013)','Dir0298','PC0298','G0006',22,1);
insert into movie values('M00000304','The Manchurian Candidate (1962)','Dir0299','PC0299','G0007',18,1);
insert into movie values('M00000305','Rope (1948)','Dir0300','PC0300','G0008',23,1);
insert into movie values('M00000306','The Wild Bunch (1969)','Dir0301','PC0301','G0009',20,1);
insert into movie values('M00000307','Beauty and the Beast (1991)','Dir0302','PC0302','G0010',19,1);
insert into movie values('M00000308','The Graduate (1967)','Dir0303','PC0303','G0011',21,1);
insert into movie values('M00000309','The Truman Show (1998)','Dir0304','PC0304','G0012',22,1);
insert into movie values('M00000310','Being There (1979)','Dir0305','PC0305','G0013',19,1);
insert into movie values('M00000311','Jurassic Park (1993)','Dir0306','PC0306','G0014',21,1);
insert into movie values('M00000312','Dogville (2003)','Dir0307','PC0307','G0015',22,1);
insert into movie values('M00000313','Patton (1970)','Dir0308','PC0308','G0016',18,1);
insert into movie values('M00000314','The Nightmare Before Christmas (1993)','Dir0309','PC0309','G0017',23,1);
insert into movie values('M00000315','East of Eden (1955)','Dir0310','PC0310','G0018',20,1);
insert into movie values('M00000316','Persepolis (2007)','Dir0311','PC0311','G0019',19,1);
insert into movie values('M00000317','This Is Spinal Tap (1984)','Dir0312','PC0312','G0020',21,1);
insert into movie values('M00000318','Blood Diamond (2006)','Dir0313','PC0313','G0021',22,1);
insert into movie values('M00000319','Big Fish (2003)','Dir0314','PC0314','G0022',19,1);
insert into movie values('M00000320','Pink Floyd The Wall (1982)','Dir0315','PC0315','G0023',21,1);
insert into movie values('M00000321','Charade (1963)','Dir0316','PC0316','G0024',22,1);
insert into movie values('M00000322','Slumdog Millionaire (2008)','Dir0317','PC0317','G0025',18,1);
insert into movie values('M00000323','Star Trek (2009)','Dir0318','PC0318','G0026',23,1);
insert into movie values('M00000324','The Straight Story (1999)','Dir0319','PC0319','G0027',20,1);
insert into movie values('M00000325','Dawn of the Dead (1978)','Dir0320','PC0320','G0028',19,1);
insert into movie values('M00000326','Crimes and Misdemeanors (1989)','Dir0321','PC0321','G0029',21,1);
insert into movie values('M00000327','Birdman: Or (The Unexpected Virtue of Ignorance) (2014)','Dir0322','PC0322','G0030',22,1);
insert into movie values('M00000328','JFK (1991)','Dir0323','PC0323','G0031',19,1);
insert into movie values('M00000329','Her (2013)','Dir0324','PC0324','G0032',21,1);
insert into movie values('M00000330','Brazil (1985)','Dir0325','PC0325','G0033',22,1);
insert into movie values('M00000331','Central Station (1998)','Dir0326','PC0326','G0001',18,1);
insert into movie values('M00000332','Manhattan (1979)','Dir0327','PC0327','G0002',23,1);
insert into movie values('M00000333','Magnolia (1999)','Dir0328','PC0328','G0003',20,1);
insert into movie values('M00000334','The Exorcist (1973)','Dir0329','PC0329','G0004',19,1);
insert into movie values('M00000335','Dancer in the Dark (2000)','Dir0330','PC0330','G0005',21,1);
insert into movie values('M00000336','Rain Man (1988)','Dir0331','PC0331','G0006',22,1);
insert into movie values('M00000337','The Adventures of Robin Hood (1938)','Dir0332','PC0332','G0007',19,1);
insert into movie values('M00000338','In the Heat of the Night (1967)','Dir0333','PC0333','G0008',21,1);
insert into movie values('M00000339','Black Swan (2010)','Dir0334','PC0334','G0009',22,1);
insert into movie values('M00000340','Talk to Her (2002)','Dir0335','PC0335','G0010',18,1);
insert into movie values('M00000341','Life of Pi (2012)','Dir0336','PC0336','G0011',23,1);
insert into movie values('M00000342','The Searchers (1956)','Dir0337','PC0337','G0012',20,1);
insert into movie values('M00000343',"'Aguirre, the Wrath of God (1972)'",'Dir0338','PC0338','G0013',19,1);
insert into movie values('M00000344','Ratatouille (2007)','Dir0339','PC0339','G0014',21,1);
insert into movie values('M00000345','Short Term 12 (2013)','Dir0340','PC0340','G0015',22,1);
insert into movie values('M00000346','Nosferatu (1922)','Dir0341','PC0341','G0016',19,1);
insert into movie values('M00000347','Doctor Zhivago (1965)','Dir0342','PC0342','G0017',21,1);
insert into movie values('M00000348','All the President\'s Men (1976)','Dir0343','PC0343','G0018',22,1);
insert into movie values('M00000349','Battleship Potemkin (1925)','Dir0344','PC0344','G0019',18,1);
insert into movie values('M00000350','Dances with Wolves (1990)','Dir0345','PC0345','G0020',23,1);
insert into movie values('M00000351','Cinderella Man (2005)','Dir0346','PC0346','G0021',20,1);
insert into movie values('M00000352','Head-On (2004)','Dir0347','PC0347','G0022',19,1);
insert into movie values('M00000353','Catch Me If You Can (2002)','Dir0348','PC0348','G0023',21,1);
insert into movie values('M00000354','Ghost in the Shell (1995)','Dir0349','PC0349','G0024',22,1);
insert into movie values('M00000355','No Man\'s Land (2001)','Dir0350','PC0350','G0025',19,1);
insert into movie values('M00000356','Dead Poets Society (1989)','Dir0351','PC0351','G0026',21,1);
insert into movie values('M00000357','The Hobbit: The Desolation of Smaug (2013)','Dir0352','PC0352','G0027',22,1);
insert into movie values('M00000358','Dallas Buyers Club (2013)','Dir0353','PC0353','G0028',18,1);
insert into movie values('M00000359','District 9 (2009)','Dir0354','PC0354','G0029',23,1);
insert into movie values('M00000360','Frankenstein (1931)','Dir0355','PC0355','G0030',20,1);
insert into movie values('M00000361','Shadow of a Doubt (1943)','Dir0356','PC0356','G0031',19,1);
insert into movie values('M00000362','Days of Heaven (1978)','Dir0357','PC0357','G0032',21,1);
insert into movie values('M00000363','Shaun of the Dead (2004)','Dir0358','PC0358','G0033',22,1);
insert into movie values('M00000364','The Artist (2011)','Dir0359','PC0359','G0001',19,1);
insert into movie values('M00000365','The Hobbit: An Unexpected Journey (2012)','Dir0360','PC0360','G0002',21,1);
insert into movie values('M00000366','Night of the Living Dead (1968)','Dir0361','PC0361','G0003',22,1);
insert into movie values('M00000367','The Lady Vanishes (1938)','Dir0362','PC0362','G0004',18,1);
insert into movie values('M00000368','Kill Bill: Vol. 2 (2004)','Dir0363','PC0363','G0005',23,1);
insert into movie values('M00000369','The Sound of Music (1965)','Dir0364','PC0364','G0006',20,1);
insert into movie values('M00000370','Let the Right One In (2008)','Dir0365','PC0365','G0007',19,1);
insert into movie values('M00000371','Aladdin (1992)','Dir0366','PC0366','G0008',21,1);
insert into movie values('M00000372','Secrets & Lies (1996)','Dir0367','PC0367','G0009',22,1);
insert into movie values('M00000373','Fiddler on the Roof (1971)','Dir0368','PC0368','G0010',19,1);
insert into movie values('M00000374','The Fault in Our Stars (2014)','Dir0369','PC0369','G0011',21,1);
insert into movie values('M00000375','Serenity (2005)','Dir0370','PC0370','G0012',22,1);
insert into movie values('M00000376','Three Colors: Blue (1993)','Dir0371','PC0371','G0013',18,1);
insert into movie values('M00000377','Mystic River (2003)','Dir0372','PC0372','G0014',23,1);
insert into movie values('M00000378','Rosemary\'s Baby (1968)','Dir0373','PC0373','G0015',20,1);
insert into movie values('M00000379','How to Train Your Dragon 2 (2014)','Dir0374','PC0374','G0016',19,1);
insert into movie values('M00000380','Amarcord (1973)','Dir0375','PC0375','G0017',21,1);
insert into movie values('M00000381','Before Midnight (2013)','Dir0376','PC0376','G0018',22,1);
insert into movie values('M00000382','Planet of the Apes (1968)','Dir0377','PC0377','G0019',19,1);
insert into movie values('M00000383','True Romance (1993)','Dir0378','PC0378','G0020',21,1);
insert into movie values('M00000384','Moon (2009)','Dir0379','PC0379','G0021',22,1);
insert into movie values('M00000385','The Man from Earth (2007)','Dir0380','PC0380','G0022',18,1);
insert into movie values('M00000386','Big Hero 6 (2014)','Dir0381','PC0381','G0023',23,1);
insert into movie values('M00000387','Hannah and Her Sisters (1986)','Dir0382','PC0382','G0024',20,1);
insert into movie values('M00000388','My Name Is Khan (2010)','Dir0383','PC0383','G0025',19,1);
insert into movie values('M00000389','Scent of a Woman (1992)','Dir0384','PC0384','G0026',21,1);
insert into movie values('M00000390','King Kong (1933)','Dir0385','PC0385','G0027',22,1);
insert into movie values('M00000391','Edward Scissorhands (1990)','Dir0386','PC0386','G0028',19,1);
insert into movie values('M00000392','Mulholland Dr. (2001)','Dir0387','PC0387','G0029',21,1);
insert into movie values('M00000393','The Incredibles (2004)','Dir0388','PC0388','G0030',22,1);
insert into movie values('M00000394','The Untouchables (1987)','Dir0389','PC0389','G0031',18,1);
insert into movie values('M00000395','In Bruges (2008)','Dir0390','PC0390','G0032',23,1);
insert into movie values('M00000396','Casino Royale (2006)','Dir0391','PC0391','G0033',20,1);
insert into movie values('M00000397','Nightcrawler (2014)','Dir0392','PC0392','G0001',19,1);
insert into movie values('M00000398','Midnight Cowboy (1969)','Dir0393','PC0393','G0002',21,1);
insert into movie values('M00000399','Spartacus (1960)','Dir0394','PC0394','G0003',22,1);
insert into movie values('M00000400','Breathless (1960)','Dir0395','PC0395','G0004',19,1);
insert into movie values('M00000401','The Blues Brothers (1980)','Dir0396','PC0396','G0005',21,1);
insert into movie values('M00000402','Edge of Tomorrow (2014)','Dir0397','PC0397','G0006',22,1);
insert into movie values('M00000403','The Iron Giant (1999)','Dir0398','PC0398','G0007',18,1);
insert into movie values('M00000404','Freaks (1932)','Dir0399','PC0399','G0008',23,1);
insert into movie values('M00000405','The African Queen (1951)','Dir0400','PC0400','G0009',20,1);
insert into movie values('M00000406','Glory (1989)','Dir0401','PC0401','G0010',19,1);
insert into movie values('M00000407','Letters from Iwo Jima (2006)','Dir0402','PC0402','G0011',21,1);
insert into movie values('M00000408','The Notebook (2004)','Dir0403','PC0403','G0012',22,1);
insert into movie values('M00000409','Almost Famous (2000)','Dir0404','PC0404','G0013',19,1);
insert into movie values('M00000410','The Conversation (1974)','Dir0405','PC0405','G0014',21,1);
insert into movie values('M00000411','The Killer (1989)','Dir0406','PC0406','G0015',22,1);
insert into movie values('M00000412','The Breakfast Club (1985)','Dir0407','PC0407','G0016',18,1);
insert into movie values('M00000413','Once (2006)','Dir0408','PC0408','G0017',23,1);
insert into movie values('M00000414','The Pursuit of Happyness (2006)','Dir0409','PC0409','G0018',20,1);
insert into movie values('M00000415','Gravity (2013)','Dir0410','PC0410','G0019',19,1);
insert into movie values('M00000416','Hero (2002)','Dir0411','PC0411','G0020',21,1);
insert into movie values('M00000417','The Bride of Frankenstein (1935)','Dir0412','PC0412','G0021',22,1);
insert into movie values('M00000418','The Remains of the Day (1993)','Dir0413','PC0413','G0022',19,1);
insert into movie values('M00000419','The Wrestler (2008)','Dir0414','PC0414','G0023',21,1);
insert into movie values('M00000420','Hard Boiled (1992)','Dir0415','PC0415','G0024',22,1);
insert into movie values('M00000421','The Chaser (2008)','Dir0416','PC0416','G0025',18,1);
insert into movie values('M00000422','Bonnie and Clyde (1967)','Dir0417','PC0417','G0026',23,1);
insert into movie values('M00000423','Key Largo (1948)','Dir0418','PC0418','G0027',20,1);
insert into movie values('M00000424','Toy Story 2 (1999)','Dir0419','PC0419','G0028',19,1);
insert into movie values('M00000425','The Bourne Identity (2002)','Dir0420','PC0420','G0029',21,1);
insert into movie values('M00000426','Nine Queens (2000)','Dir0421','PC0421','G0030',22,1);
insert into movie values('M00000427','The Killing Fields (1984)','Dir0422','PC0422','G0031',19,1);
insert into movie values('M00000428','Stagecoach (1939)','Dir0423','PC0423','G0032',21,1);
insert into movie values('M00000429','Ed Wood (1994)','Dir0424','PC0424','G0033',22,1);
insert into movie values('M00000430','All About My Mother (1999)','Dir0425','PC0425','G0001',18,1);
insert into movie values('M00000431','Cowboy Bebop: The Movie (2001)','Dir0426','PC0426','G0002',23,1);
insert into movie values('M00000432','The Man Who Would Be King (1975)','Dir0427','PC0427','G0003',20,1);
insert into movie values('M00000433','The Right Stuff (1983)','Dir0428','PC0428','G0004',19,1);
insert into movie values('M00000434','The Insider (1999)','Dir0429','PC0429','G0005',21,1);
insert into movie values('M00000435','Children of Men (2006)','Dir0430','PC0430','G0006',22,1);
insert into movie values('M00000436','The Outlaw Josey Wales (1976)','Dir0431','PC0431','G0007',19,1);
insert into movie values('M00000437','The Past (2013)','Dir0432','PC0432','G0008',21,1);
insert into movie values('M00000438','A Prophet (2009)','Dir0433','PC0433','G0009',22,1);
insert into movie values('M00000439','Badlands (1973)','Dir0434','PC0434','G0010',18,1);
insert into movie values('M00000440',"'4 Months, 3 Weeks and 2 Days (2007)'",'Dir0435','PC0435','G0011',23,1);
insert into movie values('M00000441','Crash (2004)','Dir0436','PC0436','G0012',20,1);
insert into movie values('M00000442','Avatar (2009)','Dir0437','PC0437','G0013',19,1);
insert into movie values('M00000443','Veer-Zaara (2004)','Dir0438','PC0438','G0014',21,1);
insert into movie values('M00000444','The Fall (2006)','Dir0439','PC0439','G0015',22,1);
insert into movie values('M00000445','Breaking the Waves (1996)','Dir0440','PC0440','G0016',19,1);
insert into movie values('M00000446','Mr. Nobody (2009)','Dir0441','PC0441','G0017',21,1);
insert into movie values('M00000447','Iron Man (2008)','Dir0442','PC0442','G0018',22,1);
insert into movie values('M00000448',"'Crouching Tiger, Hidden Dragon (2000)'",'Dir0443','PC0443','G0019',18,1);
insert into movie values('M00000449','Do the Right Thing (1989)','Dir0444','PC0444','G0020',23,1);
insert into movie values('M00000450','Lilya 4-Ever (2002)','Dir0445','PC0445','G0021',20,1);
insert into movie values('M00000451','Carlito\'s Way (1993)','Dir0446','PC0446','G0022',19,1);
insert into movie values('M00000452','Miller\'s Crossing (1990)','Dir0447','PC0447','G0023',21,1);
insert into movie values('M00000453','The Boondock Saints (1999)','Dir0448','PC0448','G0024',22,1);
insert into movie values('M00000454','The Chorus (2004)','Dir0449','PC0449','G0025',19,1);
insert into movie values('M00000455','Shrek (2001)','Dir0450','PC0450','G0026',21,1);
insert into movie values('M00000456','My Fair Lady (1964)','Dir0451','PC0451','G0027',22,1);
insert into movie values('M00000457','Walk the Line (2005)','Dir0452','PC0452','G0028',18,1);
insert into movie values('M00000458','Captain Phillips (2013)','Dir0453','PC0453','G0029',23,1);
insert into movie values('M00000459','The Fighter (2010)','Dir0454','PC0454','G0030',20,1);
insert into movie values('M00000460','G.O.R.A. (2004)','Dir0455','PC0455','G0031',19,1);
insert into movie values('M00000461','Cabaret (1972)','Dir0456','PC0456','G0032',21,1);
insert into movie values('M00000462','Halloween (1978)','Dir0457','PC0457','G0033',22,1);
insert into movie values('M00000463','My Left Foot (1989)','Dir0458','PC0458','G0001',19,1);
insert into movie values('M00000464','Miracle on 34th Street (1947)','Dir0459','PC0459','G0002',21,1);
insert into movie values('M00000465','The Ten Commandments (1956)','Dir0460','PC0460','G0003',22,1);
insert into movie values('M00000466','The Man from Nowhere (2010)','Dir0461','PC0461','G0004',18,1);
insert into movie values('M00000467','Blue Is the Warmest Color (2013)','Dir0462','PC0462','G0005',23,1);
insert into movie values('M00000468','The Girl Who Leapt Through Time (2006)','Dir0463','PC0463','G0006',20,1);
insert into movie values('M00000469','Little Miss Sunshine (2006)','Dir0464','PC0464','G0007',19,1);
insert into movie values('M00000470','Taken (2008)','Dir0465','PC0465','G0008',21,1);
insert into movie values('M00000471','Boogie Nights (1997)','Dir0466','PC0466','G0009',22,1);
insert into movie values('M00000472','Hot Fuzz (2007)','Dir0467','PC0467','G0010',19,1);
insert into movie values('M00000473','Ferris Bueller\'s Day Off (1986)','Dir0468','PC0468','G0011',21,1);
insert into movie values('M00000474','The World\'s Fastest Indian (2005)','Dir0469','PC0469','G0012',22,1);
insert into movie values('M00000475','Glengarry Glen Ross (1992)','Dir0470','PC0470','G0013',18,1);
insert into movie values('M00000476','Down by Law (1986)','Dir0471','PC0471','G0014',23,1);
insert into movie values('M00000477','Clerks. (1994)','Dir0472','PC0472','G0015',20,1);
insert into movie values('M00000478','Kiki\'s Delivery Service (1989)','Dir0473','PC0473','G0016',19,1);
insert into movie values('M00000479','Adam\'s Apples (2005)','Dir0474','PC0474','G0017',21,1);
insert into movie values('M00000480','The 39 Steps (1935)','Dir0475','PC0475','G0018',22,1);
insert into movie values('M00000481','The Girl with the Dragon Tattoo (2011)','Dir0476','PC0476','G0019',19,1);
insert into movie values('M00000482','E.T. the Extra-Terrestrial (1982)','Dir0477','PC0477','G0020',21,1);
insert into movie values('M00000483','Tombstone (1993)','Dir0478','PC0478','G0021',22,1);
insert into movie values('M00000484','Tangled (2010)','Dir0479','PC0479','G0022',18,1);
insert into movie values('M00000485','Predator (1987)','Dir0480','PC0480','G0023',23,1);
insert into movie values('M00000486','Silver Linings Playbook (2012)','Dir0481','PC0481','G0024',20,1);
insert into movie values('M00000487','Guess Who\'s Coming to Dinner (1967)','Dir0482','PC0482','G0025',19,1);
insert into movie values('M00000488','The Best Offer (2013)','Dir0483','PC0483','G0026',21,1);
insert into movie values('M00000489','Ordinary People (1980)','Dir0484','PC0484','G0027',22,1);
insert into movie values('M00000490','Office Space (1999)','Dir0485','PC0485','G0028',19,1);
insert into movie values('M00000491','Evil (2003)','Dir0486','PC0486','G0029',21,1);
insert into movie values('M00000492','Hamlet (1996)','Dir0487','PC0487','G0030',22,1);
insert into movie values('M00000493','The Motorcycle Diaries (2004)','Dir0488','PC0488','G0031',18,1);
insert into movie values('M00000494','The Wind Rises (2013)','Dir0489','PC0489','G0032',23,1);
insert into movie values('M00000495','The Day the Earth Stood Still (1951)','Dir0490','PC0490','G0033',20,1);
insert into movie values('M00000496','I Saw the Devil (2010)','Dir0491','PC0491','G0001',19,1);
insert into movie values('M00000497','Star Trek Into Darkness (2013)','Dir0492','PC0492','G0002',21,1);
insert into movie values('M00000498','Black Book (2006)','Dir0493','PC0493','G0003',22,1);
insert into movie values('M00000499','Withnail & I (1987)','Dir0494','PC0494','G0004',19,1);
insert into movie values('M00000500','Amour (2012)','Dir0495','PC0495','G0005',21,1);
insert into movie values('M00000501','The Girl with the Dragon Tattoo (2009)','Dir0496','PC0496','G0006',22,1);
insert into movie values('M00000502','Evil Dead II (1987)','Dir0497','PC0497','G0007',18,1);
insert into movie values('M00000503','The Lego Movie (2014)','Dir0498','PC0498','G0008',23,1);
insert into movie values('M00000504','The Triplets of Belleville (2003)','Dir0499','PC0499','G0009',20,1);
insert into movie values('M00000505','Open Your Eyes (1997)','Dir0500','PC0500','G0010',19,1);
insert into movie values('M00000506','The Magnificent Seven (1960)','Dir0501','PC0501','G0011',21,1);
insert into movie values('M00000507','Drive (2011)','Dir0502','PC0502','G0012',22,1);
insert into movie values('M00000508','Mississippi Burning (1988)','Dir0503','PC0503','G0013',19,1);
insert into movie values('M00000509','Willy Wonka & the Chocolate Factory (1971)','Dir0504','PC0504','G0014',21,1);
insert into movie values('M00000510','Misery (1990)','Dir0505','PC0505','G0015',22,1);
insert into movie values('M00000511','The Day of the Jackal (1973)','Dir0506','PC0506','G0016',18,1);
insert into movie values('M00000512','Gattaca (1997)','Dir0507','PC0507','G0017',23,1);
insert into movie values('M00000513','Fantasia (1940)','Dir0508','PC0508','G0018',20,1);
insert into movie values('M00000514','Porco Rosso (1992)','Dir0509','PC0509','G0019',19,1);
insert into movie values('M00000515','American Gangster (2007)','Dir0510','PC0510','G0020',21,1);
insert into movie values('M00000516','The French Connection (1971)','Dir0511','PC0511','G0021',22,1);
insert into movie values('M00000517','The Boy in the Striped Pajamas (2008)','Dir0512','PC0512','G0022',19,1);
insert into movie values('M00000518','Empire of the Sun (1987)','Dir0513','PC0513','G0023',21,1);
insert into movie values('M00000519','About Time (2013)','Dir0514','PC0514','G0024',22,1);
insert into movie values('M00000520','Blue Velvet (1986)','Dir0515','PC0515','G0025',18,1);
insert into movie values('M00000521','In America (2002)','Dir0516','PC0516','G0026',23,1);
insert into movie values('M00000522','The Curious Case of Benjamin Button (2008)','Dir0517','PC0517','G0027',20,1);
insert into movie values('M00000523','The Last of the Mohicans (1992)','Dir0518','PC0518','G0028',19,1);
insert into movie values('M00000524','Moonrise Kingdom (2012)','Dir0519','PC0519','G0029',21,1);
insert into movie values('M00000525','Captain America: The Winter Soldier (2014)','Dir0520','PC0520','G0030',22,1);
insert into movie values('M00000526','Rebel Without a Cause (1955)','Dir0521','PC0521','G0031',19,1);
insert into movie values('M00000527','Wreck-It Ralph (2012)','Dir0522','PC0522','G0032',21,1);
insert into movie values('M00000528','Invasion of the Body Snatchers (1956)','Dir0523','PC0523','G0033',22,1);
insert into movie values('M00000529','The Hangover (2009)','Dir0524','PC0524','G0001',18,1);
insert into movie values('M00000530','Dirty Harry (1971)','Dir0525','PC0525','G0002',23,1);
insert into movie values('M00000531','Fantastic Mr. Fox (2009)','Dir0526','PC0526','G0003',20,1);
insert into movie values('M00000532','October Sky (1999)','Dir0527','PC0527','G0004',19,1);
insert into movie values('M00000533','Ghostbusters (1984)','Dir0528','PC0528','G0005',21,1);
insert into movie values('M00000534',"'O Brother, Where Art Thou? (2000)'",'Dir0529','PC0529','G0006',22,1);
insert into movie values('M00000535','Repulsion (1965)','Dir0530','PC0530','G0007',19,1);
insert into movie values('M00000536','Back to the Future Part II (1989)','Dir0531','PC0531','G0008',21,1);
insert into movie values('M00000537','Airplane! (1980)','Dir0532','PC0532','G0009',22,1);
insert into movie values('M00000538','Happiness (1998)','Dir0533','PC0533','G0010',18,1);
insert into movie values('M00000539','Belle de Jour (1967)','Dir0534','PC0534','G0011',23,1);
insert into movie values('M00000540','Zulu (1964)','Dir0535','PC0535','G0012',20,1);
insert into movie values('M00000541','Pride & Prejudice (2005)','Dir0536','PC0536','G0013',19,1);
insert into movie values('M00000542','Night on Earth (1991)','Dir0537','PC0537','G0014',21,1);
insert into movie values('M00000543','From Here to Eternity (1953)','Dir0538','PC0538','G0015',22,1);
insert into movie values('M00000544','Atonement (2007)','Dir0539','PC0539','G0016',19,1);
insert into movie values('M00000545','The Dirty Dozen (1967)','Dir0540','PC0540','G0017',21,1);
insert into movie values('M00000546','Apocalypto (2006)','Dir0541','PC0541','G0018',22,1);
insert into movie values('M00000547','X-Men: First Class (2011)','Dir0542','PC0542','G0019',18,1);
insert into movie values('M00000548','Run Lola Run (1998)','Dir0543','PC0543','G0020',23,1);
insert into movie values('M00000549','The Longest Day (1962)','Dir0544','PC0544','G0021',20,1);
insert into movie values('M00000550','Zelig (1983)','Dir0545','PC0545','G0022',19,1);
insert into movie values('M00000551','The Last Emperor (1987)','Dir0546','PC0546','G0023',21,1);
insert into movie values('M00000552','(500) Days of Summer (2009)','Dir0547','PC0547','G0024',22,1);
insert into movie values('M00000553','The Goonies (1985)','Dir0548','PC0548','G0025',19,1);
insert into movie values('M00000554','South Park: Bigger Longer & Uncut (1999)','Dir0549','PC0549','G0026',21,1);
insert into movie values('M00000555','Argo (2012)','Dir0550','PC0550','G0027',22,1);
insert into movie values('M00000556','The Theory of Everything (2014)','Dir0551','PC0551','G0028',18,1);
insert into movie values('M00000557','The Color Purple (1985)','Dir0552','PC0552','G0029',23,1);
insert into movie values('M00000558','The Fugitive (1993)','Dir0553','PC0553','G0030',20,1);
insert into movie values('M00000559','The White Ribbon (2009)','Dir0554','PC0554','G0031',19,1);
insert into movie values('M00000560','Lost in Translation (2003)','Dir0555','PC0555','G0032',21,1);
insert into movie values('M00000561','Finding Neverland (2004)','Dir0556','PC0556','G0033',22,1);
insert into movie values('M00000562','Blazing Saddles (1974)','Dir0557','PC0557','G0001',19,1);
insert into movie values('M00000563','Breakfast at Tiffany\'s (1961)','Dir0558','PC0558','G0002',21,1);
insert into movie values('M00000564','The Social Network (2010)','Dir0559','PC0559','G0003',22,1);
insert into movie values('M00000565','The Experiment (2001)','Dir0560','PC0560','G0004',18,1);
insert into movie values('M00000566','Lucky Number Slevin (2006)','Dir0561','PC0561','G0005',23,1);
insert into movie values('M00000567','3:10 to Yuma (2007)','Dir0562','PC0562','G0006',20,1);
insert into movie values('M00000568','Being John Malkovich (1999)','Dir0563','PC0563','G0007',19,1);
insert into movie values('M00000569','Kung Fu Hustle (2004)','Dir0564','PC0564','G0008',21,1);
insert into movie values('M00000570','Harry Potter and the Prisoner of Azkaban (2004)','Dir0565','PC0565','G0009',22,1);
insert into movie values('M00000571','The Name of the Rose (1986)','Dir0566','PC0566','G0010',19,1);
insert into movie values('M00000572','Changeling (2008)','Dir0567','PC0567','G0011',21,1);
insert into movie values('M00000573','The Game (1997)','Dir0568','PC0568','G0012',22,1);
insert into movie values('M00000574','Mary Poppins (1964)','Dir0569','PC0569','G0013',18,1);
insert into movie values('M00000575','Donnie Brasco (1997)','Dir0570','PC0570','G0014',23,1);
insert into movie values('M00000576','Nebraska (2013)','Dir0571','PC0571','G0015',20,1);
insert into movie values('M00000577','Serpico (1973)','Dir0572','PC0572','G0016',19,1);
insert into movie values('M00000578','What\'s Eating Gilbert Grape (1993)','Dir0573','PC0573','G0017',21,1);
insert into movie values('M00000579','Goldfinger (1964)','Dir0574','PC0574','G0018',22,1);
insert into movie values('M00000580','The Sandlot (1993)','Dir0575','PC0575','G0019',19,1);
insert into movie values('M00000581','Boyz n the Hood (1991)','Dir0576','PC0576','G0020',21,1);
insert into movie values('M00000582','Ray (2004)','Dir0577','PC0577','G0021',22,1);
insert into movie values('M00000583','300 (2006)','Dir0578','PC0578','G0022',18,1);
insert into movie values('M00000584','The Bourne Supremacy (2004)','Dir0579','PC0579','G0023',23,1);
insert into movie values('M00000585','Skyfall (2012)','Dir0580','PC0580','G0024',20,1);
insert into movie values('M00000586','Battle Royale (2000)','Dir0581','PC0581','G0025',19,1);
insert into movie values('M00000587','The Birds (1963)','Dir0582','PC0582','G0026',21,1);
insert into movie values('M00000588','Control (2007)','Dir0583','PC0583','G0027',22,1);
insert into movie values('M00000589','A Bronx Tale (1993)','Dir0584','PC0584','G0028',19,1);
insert into movie values('M00000590','Kramer vs. Kramer (1979)','Dir0585','PC0585','G0029',21,1);
insert into movie values('M00000591','Deliverance (1972)','Dir0586','PC0586','G0030',22,1);
insert into movie values('M00000592','As Good as It Gets (1997)','Dir0587','PC0587','G0031',18,1);
insert into movie values('M00000593','Ocean\'s Eleven (2001)','Dir0588','PC0588','G0032',23,1);
insert into movie values('M00000594','Man on Fire (2004)','Dir0589','PC0589','G0033',20,1);
insert into movie values('M00000595','The King of Comedy (1982)','Dir0590','PC0590','G0001',19,1);
insert into movie values('M00000596','Awakenings (1990)','Dir0591','PC0591','G0002',21,1);
insert into movie values('M00000597','Dark City (1998)','Dir0592','PC0592','G0003',22,1);
insert into movie values('M00000598','Sabrina (1954)','Dir0593','PC0593','G0004',19,1);
insert into movie values('M00000599','Good Bye Lenin! (2003)','Dir0594','PC0594','G0005',21,1);
insert into movie values('M00000600','Dead Man\'s Shoes (2004)','Dir0595','PC0595','G0006',22,1);
insert into movie values('M00000601','Road to Perdition (2002)','Dir0596','PC0596','G0007',18,1);
insert into movie values('M00000602','Remember the Titans (2000)','Dir0597','PC0597','G0008',23,1);
insert into movie values('M00000603','Star Trek II: The Wrath of Khan (1982)','Dir0598','PC0598','G0009',20,1);
insert into movie values('M00000604','The Machinist (2004)','Dir0599','PC0599','G0010',19,1);
insert into movie values('M00000605','Rushmore (1998)','Dir0600','PC0600','G0011',21,1);
insert into movie values('M00000606','Flipped (2010)','Dir0601','PC0601','G0012',22,1);
insert into movie values('M00000607','Love Me If You Dare (2003)','Dir0602','PC0602','G0013',19,1);
insert into movie values('M00000608','Detachment (2011)','Dir0603','PC0603','G0014',21,1);
insert into movie values('M00000609','Kick-Ass (2010)','Dir0604','PC0604','G0015',22,1);
insert into movie values('M00000610','Dead Man (1995)','Dir0605','PC0605','G0016',18,1);
insert into movie values('M00000611','50/50 (2011)','Dir0606','PC0606','G0017',23,1);
insert into movie values('M00000612','The Count of Monte Cristo (2002)','Dir0607','PC0607','G0018',20,1);
insert into movie values('M00000613','21 Grams (2003)','Dir0608','PC0608','G0019',19,1);
insert into movie values('M00000614','Delicatessen (1991)','Dir0609','PC0609','G0020',21,1);
insert into movie values('M00000615','The Last King of Scotland (2006)','Dir0610','PC0610','G0021',22,1);
insert into movie values('M00000616','A Very Long Engagement (2004)','Dir0611','PC0611','G0022',19,1);
insert into movie values('M00000617','The Purple Rose of Cairo (1985)','Dir0612','PC0612','G0023',21,1);
insert into movie values('M00000618','Barton Fink (1991)','Dir0613','PC0613','G0024',22,1);
insert into movie values('M00000619','Adaptation. (2002)','Dir0614','PC0614','G0025',18,1);
insert into movie values('M00000620','Stardust (2007)','Dir0615','PC0615','G0026',23,1);
insert into movie values('M00000621','Mysterious Skin (2004)','Dir0616','PC0616','G0027',20,1);
insert into movie values('M00000622','Black Hawk Down (2001)','Dir0617','PC0617','G0028',19,1);
insert into movie values('M00000623','Fear and Loathing in Las Vegas (1998)','Dir0618','PC0618','G0029',21,1);
insert into movie values('M00000624','Shane (1953)','Dir0619','PC0619','G0030',22,1);
insert into movie values('M00000625','Paprika (2006)','Dir0620','PC0620','G0031',19,1);
insert into movie values('M00000626','Frost/Nixon (2008)','Dir0621','PC0621','G0032',21,1);
insert into movie values('M00000627','Dawn of the Planet of the Apes (2014)','Dir0622','PC0622','G0033',22,1);
insert into movie values('M00000628','Enter the Dragon (1973)','Dir0623','PC0623','G0001',18,1);
insert into movie values('M00000629','The Station Agent (2003)','Dir0624','PC0624','G0002',23,1);
insert into movie values('M00000630','The Last Samurai (2003)','Dir0625','PC0625','G0003',20,1);
insert into movie values('M00000631','Zombieland (2009)','Dir0626','PC0626','G0004',19,1);
insert into movie values('M00000632','Short Cuts (1993)','Dir0627','PC0627','G0005',21,1);
insert into movie values('M00000633','A Hard Day\'s Night (1964)','Dir0628','PC0628','G0006',22,1);
insert into movie values('M00000634','Sympathy for Mr. Vengeance (2002)','Dir0629','PC0629','G0007',19,1);
insert into movie values('M00000635','Forbidden Planet (1956)','Dir0630','PC0630','G0008',21,1);
insert into movie values('M00000636','Despicable Me (2010)','Dir0631','PC0631','G0009',22,1);
insert into movie values('M00000637','Gone Baby Gone (2007)','Dir0632','PC0632','G0010',18,1);
insert into movie values('M00000638','Titanic (1997)','Dir0633','PC0633','G0011',23,1);
insert into movie values('M00000639','25th Hour (2002)','Dir0634','PC0634','G0012',20,1);
insert into movie values('M00000640','The Blind Side (2009)','Dir0635','PC0635','G0013',19,1);
insert into movie values('M00000641','Shine (1996)','Dir0636','PC0636','G0014',21,1);
insert into movie values('M00000642','Ponyo (2008)','Dir0637','PC0637','G0015',22,1);
insert into movie values('M00000643','The Dinner Game (1998)','Dir0638','PC0638','G0016',19,1);
insert into movie values('M00000644','Brokeback Mountain (2005)','Dir0639','PC0639','G0017',21,1);
insert into movie values('M00000645','Show Me Love (1998)','Dir0640','PC0640','G0018',22,1);
insert into movie values('M00000646','Boy A (2007)','Dir0641','PC0641','G0019',18,1);
insert into movie values('M00000647','Match Point (2005)','Dir0642','PC0642','G0020',23,1);
insert into movie values('M00000648','Cast Away (2000)','Dir0643','PC0643','G0021',20,1);
insert into movie values('M00000649','Malcolm X (1992)','Dir0644','PC0644','G0022',19,1);
insert into movie values('M00000650','Close Encounters of the Third Kind (1977)','Dir0645','PC0645','G0023',21,1);
insert into movie values('M00000651','The Warriors (1979)','Dir0646','PC0646','G0024',22,1);
insert into movie values('M00000652','The Butterfly Effect (2004)','Dir0647','PC0647','G0025',19,1);
insert into movie values('M00000653','The City of Lost Children (1995)','Dir0648','PC0648','G0026',21,1);
insert into movie values('M00000654','Love Actually (2003)','Dir0649','PC0649','G0027',22,1);
insert into movie values('M00000655','Billy Elliot (2000)','Dir0650','PC0650','G0028',18,1);
insert into movie values('M00000656','The Producers (1967)','Dir0651','PC0651','G0029',23,1);
insert into movie values('M00000657','Training Day (2001)','Dir0652','PC0652','G0030',20,1);
insert into movie values('M00000658','Sense and Sensibility (1995)','Dir0653','PC0653','G0031',19,1);
insert into movie values('M00000659','The Visitor (2007)','Dir0654','PC0654','G0032',21,1);
insert into movie values('M00000660','Harry Potter and the Deathly Hallows: Part 1 (2010)','Dir0655','PC0655','G0033',22,1);
insert into movie values('M00000661','Philadelphia (1993)','Dir0656','PC0656','G0001',19,1);
insert into movie values('M00000662','Three Colors: White (1994)','Dir0657','PC0657','G0002',21,1);
insert into movie values('M00000663','The Great Beauty (2013)','Dir0658','PC0658','G0003',22,1);
insert into movie values('M00000664','Primal Fear (1996)','Dir0659','PC0659','G0004',18,1);
insert into movie values('M00000665','The Hunger Games: Catching Fire (2013)','Dir0660','PC0660','G0005',23,1);
insert into movie values('M00000666','Where Eagles Dare (1968)','Dir0661','PC0661','G0006',20,1);
insert into movie values('M00000667','Blood Simple. (1984)','Dir0662','PC0662','G0007',19,1);
insert into movie values('M00000668','Dangerous Liaisons (1988)','Dir0663','PC0663','G0008',21,1);
insert into movie values('M00000669','Frozen (2013)','Dir0664','PC0664','G0009',22,1);
insert into movie values('M00000670','Snow White and the Seven Dwarfs (1937)','Dir0665','PC0665','G0010',19,1);
insert into movie values('M00000671','Saw (2004)','Dir0666','PC0666','G0011',21,1);
insert into movie values('M00000672','Dazed and Confused (1993)','Dir0667','PC0667','G0012',22,1);
insert into movie values('M00000673','Fearless (2006)','Dir0668','PC0668','G0013',18,1);
insert into movie values('M00000674','This Is England (2006)','Dir0669','PC0669','G0014',23,1);
insert into movie values('M00000675','La Vie en Rose (2007)','Dir0670','PC0670','G0015',20,1);
insert into movie values('M00000676','Coraline (2009)','Dir0671','PC0671','G0016',19,1);
insert into movie values('M00000677','True Grit (2010)','Dir0672','PC0672','G0017',21,1);
insert into movie values('M00000678','Star Wars: Episode III - Revenge of the Sith (2005)','Dir0673','PC0673','G0018',22,1);
insert into movie values('M00000679','Sophie\'s Choice (1982)','Dir0674','PC0674','G0019',19,1);
insert into movie values('M00000680','Fury (2014)','Dir0675','PC0675','G0020',21,1);
insert into movie values('M00000681','Lolita (1962)','Dir0676','PC0676','G0021',22,1);
insert into movie values('M00000682','Eastern Promises (2007)','Dir0677','PC0677','G0022',18,1);
insert into movie values('M00000683','After Hours (1985)','Dir0678','PC0678','G0023',23,1);
insert into movie values('M00000684','Midnight in Paris (2011)','Dir0679','PC0679','G0024',20,1);
insert into movie values('M00000685','The Muppet Christmas Carol (1992)','Dir0680','PC0680','G0025',19,1);
insert into movie values('M00000686','Who Framed Roger Rabbit (1988)','Dir0681','PC0681','G0026',21,1);
insert into movie values('M00000687','Grindhouse (2007)','Dir0682','PC0682','G0027',22,1);
insert into movie values('M00000688','Cell 211 (2009)','Dir0683','PC0683','G0028',19,1);
insert into movie values('M00000689','Sympathy for Lady Vengeance (2005)','Dir0684','PC0684','G0029',21,1);
insert into movie values('M00000690','In a Better World (2010)','Dir0685','PC0685','G0030',22,1);
insert into movie values('M00000691','Les Misérables (2012)','Dir0686','PC0686','G0031',18,1);
insert into movie values('M00000692','Kiss Kiss Bang Bang (2005)','Dir0687','PC0687','G0032',23,1);
insert into movie values('M00000693','The Secret World of Arrietty (2010)','Dir0688','PC0688','G0033',20,1);
insert into movie values('M00000694','Zodiac (2007)','Dir0689','PC0689','G0001',19,1);
insert into movie values('M00000695','Moulin Rouge! (2001)','Dir0690','PC0690','G0002',21,1);
insert into movie values('M00000696','Lost Highway (1997)','Dir0691','PC0691','G0003',22,1);
insert into movie values('M00000697','Blow-Up (1966)','Dir0692','PC0692','G0004',19,1);
insert into movie values('M00000698','Whale Rider (2002)','Dir0693','PC0693','G0005',21,1);
insert into movie values('M00000699','Philomena (2013)','Dir0694','PC0694','G0006',22,1);
insert into movie values('M00000700','The Big Blue (1988)','Dir0695','PC0695','G0007',18,1);
insert into movie values('M00000701','End of Watch (2012)','Dir0696','PC0696','G0008',23,1);
insert into movie values('M00000702','Spellbound (1945)','Dir0697','PC0697','G0009',20,1);
insert into movie values('M00000703','Minority Report (2002)','Dir0698','PC0698','G0010',19,1);
insert into movie values('M00000704','First Blood (1982)','Dir0699','PC0699','G0011',21,1);
insert into movie values('M00000705','The Wicker Man (1973)','Dir0700','PC0700','G0012',22,1);
insert into movie values('M00000706','Seven Pounds (2008)','Dir0701','PC0701','G0013',19,1);
insert into movie values('M00000707','MASH (1970)','Dir0702','PC0702','G0014',21,1);
insert into movie values('M00000708','Kelly\'s Heroes (1970)','Dir0703','PC0703','G0015',22,1);
insert into movie values('M00000709','Midnight Express (1978)','Dir0704','PC0704','G0016',18,1);
insert into movie values('M00000710','Traffic (2000)','Dir0705','PC0705','G0017',23,1);
insert into movie values('M00000711','The Player (1992)','Dir0706','PC0706','G0018',20,1);
insert into movie values('M00000712','Y Tu Mamá También (2001)','Dir0707','PC0707','G0019',19,1);
insert into movie values('M00000713','Stranger Than Fiction (2006)','Dir0708','PC0708','G0020',21,1);
insert into movie values('M00000714','Inside Man (2006)','Dir0709','PC0709','G0021',22,1);
insert into movie values('M00000715','127 Hours (2010)','Dir0710','PC0710','G0022',19,1);
insert into movie values('M00000716','Milk (2008)','Dir0711','PC0711','G0023',21,1);
insert into movie values('M00000717','United 93 (2006)','Dir0712','PC0712','G0024',22,1);
insert into movie values('M00000718','The Fifth Element (1997)','Dir0713','PC0713','G0025',18,1);
insert into movie values('M00000719','Dracula (1931)','Dir0714','PC0714','G0026',23,1);
insert into movie values('M00000720','The Flowers of War (2011)','Dir0715','PC0715','G0027',20,1);
insert into movie values('M00000721','High Plains Drifter (1973)','Dir0716','PC0716','G0028',19,1);
insert into movie values('M00000722','Superbad (2007)','Dir0717','PC0717','G0029',21,1);
insert into movie values('M00000723','28 Days Later... (2002)','Dir0718','PC0718','G0030',22,1);
insert into movie values('M00000724','I Am Sam (2001)','Dir0719','PC0719','G0031',19,1);
insert into movie values('M00000725','Watchmen (2009)','Dir0720','PC0720','G0032',21,1);
insert into movie values('M00000726','The Illusionist (2006)','Dir0721','PC0721','G0033',22,1);
insert into movie values('M00000727','The Godfather: Part III (1990)','Dir0722','PC0722','G0001',18,1);
insert into movie values('M00000728','Man Bites Dog (1992)','Dir0723','PC0723','G0002',23,1);
insert into movie values('M00000729','Fried Green Tomatoes (1991)','Dir0724','PC0724','G0003',20,1);
insert into movie values('M00000730','Thank You for Smoking (2005)','Dir0725','PC0725','G0004',19,1);
insert into movie values('M00000731','The Royal Tenenbaums (2001)','Dir0726','PC0726','G0005',21,1);
insert into movie values('M00000732','The Jungle Book (1967)','Dir0727','PC0727','G0006',22,1);
insert into movie values('M00000733','The Legend of Drunken Master (1994)','Dir0728','PC0728','G0007',19,1);
insert into movie values('M00000734','Munich (2005)','Dir0729','PC0729','G0008',21,1);
insert into movie values('M00000735','A Few Good Men (1992)','Dir0730','PC0730','G0009',22,1);
insert into movie values('M00000736','The Kite Runner (2007)','Dir0731','PC0731','G0010',18,1);
insert into movie values('M00000737','When Harry Met Sally... (1989)','Dir0732','PC0732','G0011',23,1);
insert into movie values('M00000738','Animal House (1978)','Dir0733','PC0733','G0012',20,1);
insert into movie values('M00000739','House of Sand and Fog (2003)','Dir0734','PC0734','G0013',19,1);
insert into movie values('M00000740','Lethal Weapon (1987)','Dir0735','PC0735','G0014',21,1);
insert into movie values('M00000741','Lord of War (2005)','Dir0736','PC0736','G0015',22,1);
insert into movie values('M00000742','Blow (2001)','Dir0737','PC0737','G0016',19,1);
insert into movie values('M00000743','The Skin I Live In (2011)','Dir0738','PC0738','G0017',21,1);
insert into movie values('M00000744','Sherlock Holmes (2009)','Dir0739','PC0739','G0018',22,1);
insert into movie values('M00000745','The Crow (1994)','Dir0740','PC0740','G0019',18,1);
insert into movie values('M00000746','West Side Story (1961)','Dir0741','PC0741','G0020',23,1);
insert into movie values('M00000747','Harry Potter and the Goblet of Fire (2005)','Dir0742','PC0742','G0021',20,1);
insert into movie values('M00000748','The Hobbit: The Battle of the Five Armies (2014)','Dir0743','PC0743','G0022',19,1);
insert into movie values('M00000749','Selma (2014)','Dir0744','PC0744','G0023',21,1);
insert into movie values('M00000750','The Thin Red Line (1998)','Dir0745','PC0745','G0024',22,1);
insert into movie values('M00000751','American Psycho (2000)','Dir0746','PC0746','G0025',19,1);
insert into movie values('M00000752','Zatoichi (2003)','Dir0747','PC0747','G0026',21,1);
insert into movie values('M00000753','The Last Temptation of Christ (1988)','Dir0748','PC0748','G0027',22,1);
insert into movie values('M00000754','The Party (1968)','Dir0749','PC0749','G0028',18,1);
insert into movie values('M00000755','The Others (2001)','Dir0750','PC0750','G0029',23,1);
insert into movie values('M00000756','Following (1998)','Dir0751','PC0751','G0030',20,1);
insert into movie values('M00000757','The Naked Gun: From the Files of Police Squad! (1988)','Dir0752','PC0752','G0031',19,1);
insert into movie values('M00000758','Army of Darkness (1992)','Dir0753','PC0753','G0032',21,1);
insert into movie values('M00000759','The Hurt Locker (2008)','Dir0754','PC0754','G0033',22,1);
insert into movie values('M00000760','Kung Fu Panda (2008)','Dir0755','PC0755','G0001',19,1);
insert into movie values('M00000761','Lone Survivor (2013)','Dir0756','PC0756','G0002',21,1);
insert into movie values('M00000762','The Raid: Redemption (2011)','Dir0757','PC0757','G0003',22,1);
insert into movie values('M00000763','Volver (2006)','Dir0758','PC0758','G0004',18,1);
insert into movie values('M00000764','The Man Who Wasn\'t There (2001)','Dir0759','PC0759','G0005',23,1);
insert into movie values('M00000765','13 Assassins (2010)','Dir0760','PC0760','G0006',20,1);
insert into movie values('M00000766','A Fish Called Wanda (1988)','Dir0761','PC0761','G0007',19,1);
insert into movie values('M00000767','The Counterfeiters (2007)','Dir0762','PC0762','G0008',21,1);
insert into movie values('M00000768','Mad Max 2: The Road Warrior (1981)','Dir0763','PC0763','G0009',22,1);
insert into movie values('M00000769','Garden State (2004)','Dir0764','PC0764','G0010',19,1);
insert into movie values('M00000770','The Hunt for Red October (1990)','Dir0765','PC0765','G0011',21,1);
insert into movie values('M00000771','The Impossible (2012)','Dir0766','PC0766','G0012',22,1);
insert into movie values('M00000772','Escape from Alcatraz (1979)','Dir0767','PC0767','G0013',18,1);
insert into movie values('M00000773',"'Lust, Caution (2007)'",'Dir0768','PC0768','G0014',23,1);
insert into movie values('M00000774','Apollo 13 (1995)','Dir0769','PC0769','G0015',20,1);
insert into movie values('M00000775','Funny Games (1997)','Dir0770','PC0770','G0016',19,1);
insert into movie values('M00000776','The Abyss (1989)','Dir0771','PC0771','G0017',21,1);
insert into movie values('M00000777','Little Children (2006)','Dir0772','PC0772','G0018',22,1);
insert into movie values('M00000778','The Guns of Navarone (1961)','Dir0773','PC0773','G0019',19,1);
insert into movie values('M00000779','Hunger (2008)','Dir0774','PC0774','G0020',21,1);
insert into movie values('M00000780','Robin Hood (1973)','Dir0775','PC0775','G0021',22,1);
insert into movie values('M00000781','Enemy at the Gates (2001)','Dir0776','PC0776','G0022',18,1);
insert into movie values('M00000782','Falling Down (1993)','Dir0777','PC0777','G0023',23,1);
insert into movie values('M00000783','Indiana Jones and the Temple of Doom (1984)','Dir0778','PC0778','G0024',20,1);
insert into movie values('M00000784','The Reader (2008)','Dir0779','PC0779','G0025',19,1);
insert into movie values('M00000785','Dead Alive (1992)','Dir0780','PC0780','G0026',21,1);
insert into movie values('M00000786',"'It\'s a Mad, Mad, Mad, Mad World (1963)'",'Dir0781','PC0781','G0027',22,1);
insert into movie values('M00000787','The Little Mermaid (1989)','Dir0782','PC0782','G0028',19,1);
insert into movie values('M00000788','The Omen (1976)','Dir0783','PC0783','G0029',21,1);
insert into movie values('M00000789','Ip Man 2 (2010)','Dir0784','PC0784','G0030',22,1);
insert into movie values('M00000790','A Royal Affair (2012)','Dir0785','PC0785','G0031',18,1);
insert into movie values('M00000791','Disconnect (2012)','Dir0786','PC0786','G0032',23,1);
insert into movie values('M00000792','Hoosiers (1986)','Dir0787','PC0787','G0033',20,1);
insert into movie values('M00000793','Secondhand Lions (2003)','Dir0788','PC0788','G0001',19,1);
insert into movie values('M00000794','A Single Man (2009)','Dir0789','PC0789','G0002',21,1);
insert into movie values('M00000795','The Book Thief (2013)','Dir0790','PC0790','G0003',22,1);
insert into movie values('M00000796','Moneyball (2011)','Dir0791','PC0791','G0004',19,1);
insert into movie values('M00000797','Die Hard: With a Vengeance (1995)','Dir0792','PC0792','G0005',21,1);
insert into movie values('M00000798','An American Werewolf in London (1981)','Dir0793','PC0793','G0006',22,1);
insert into movie values('M00000799','The Great Debaters (2007)','Dir0794','PC0794','G0007',18,1);
insert into movie values('M00000800','Midnight Run (1988)','Dir0795','PC0795','G0008',23,1);
insert into movie values('M00000801','Interview with the Vampire: The Vampire Chronicles (1994)','Dir0796','PC0796','G0009',20,1);
insert into movie values('M00000802','Tucker and Dale vs. Evil (2010)','Dir0797','PC0797','G0010',19,1);
insert into movie values('M00000803','Dead Man Walking (1995)','Dir0798','PC0798','G0011',21,1);
insert into movie values('M00000804','The Wave (2008)','Dir0799','PC0799','G0012',22,1);
insert into movie values('M00000805','The Town (2010)','Dir0800','PC0800','G0013',19,1);
insert into movie values('M00000806','Sideways (2004)','Dir0801','PC0801','G0014',21,1);
insert into movie values('M00000807','Of Mice and Men (1992)','Dir0802','PC0802','G0015',22,1);
insert into movie values('M00000808','Rise of the Planet of the Apes (2011)','Dir0803','PC0803','G0016',18,1);
insert into movie values('M00000809','The Piano (1993)','Dir0804','PC0804','G0017',23,1);
insert into movie values('M00000810','Ice Age (2002)','Dir0805','PC0805','G0018',20,1);
insert into movie values('M00000811','Hugo (2011)','Dir0806','PC0806','G0019',19,1);
insert into movie values('M00000812','Boys Don\'t Cry (1999)','Dir0807','PC0807','G0020',21,1);
insert into movie values('M00000813','High Fidelity (2000)','Dir0808','PC0808','G0021',22,1);
insert into movie values('M00000814','The Evil Dead (1981)','Dir0809','PC0809','G0022',19,1);
insert into movie values('M00000815','Leaving Las Vegas (1995)','Dir0810','PC0810','G0023',21,1);
insert into movie values('M00000816','The Meaning of Life (1983)','Dir0811','PC0811','G0024',22,1);
insert into movie values('M00000817','Collateral (2004)','Dir0812','PC0812','G0025',18,1);
insert into movie values('M00000818',"'Planes, Trains & Automobiles (1987)'",'Dir0813','PC0813','G0026',23,1);
insert into movie values('M00000819','Field of Dreams (1989)','Dir0814','PC0814','G0027',20,1);
insert into movie values('M00000820','Headhunters (2011)','Dir0815','PC0815','G0028',19,1);
insert into movie values('M00000821','Batman (1989)','Dir0816','PC0816','G0029',21,1);
insert into movie values('M00000822','Juno (2007)','Dir0817','PC0817','G0030',22,1);
insert into movie values('M00000823','Keith (2008)','Dir0818','PC0818','G0031',19,1);
insert into movie values('M00000824','The Assassination of Jesse James by the Coward Robert Ford (2007)','Dir0819','PC0819','G0032',21,1);
insert into movie values('M00000825','Ghost Dog: The Way of the Samurai (1999)','Dir0820','PC0820','G0033',22,1);
insert into movie values('M00000826','Tell No One (2006)','Dir0821','PC0821','G0001',18,1);
insert into movie values('M00000827','Chaplin (1992)','Dir0822','PC0822','G0002',23,1);
insert into movie values('M00000828','The Fisher King (1991)','Dir0823','PC0823','G0003',20,1);
insert into movie values('M00000829','The Damned United (2009)','Dir0824','PC0824','G0004',19,1);
insert into movie values('M00000830','Equilibrium (2002)','Dir0825','PC0825','G0005',21,1);
insert into movie values('M00000831','House of Flying Daggers (2004)','Dir0826','PC0826','G0006',22,1);
insert into movie values('M00000832','The Natural (1984)','Dir0827','PC0827','G0007',19,1);
insert into movie values('M00000833','The Hours (2002)','Dir0828','PC0828','G0008',21,1);
insert into movie values('M00000834','Star Trek: First Contact (1996)','Dir0829','PC0829','G0009',22,1);
insert into movie values('M00000835','August Rush (2007)','Dir0830','PC0830','G0010',18,1);
insert into movie values('M00000836','Saving Mr. Banks (2013)','Dir0831','PC0831','G0011',23,1);
insert into movie values('M00000837','The Curse of the Were-Rabbit (2005)','Dir0832','PC0832','G0012',20,1);
insert into movie values('M00000838','The Hurricane (1999)','Dir0833','PC0833','G0013',19,1);
insert into movie values('M00000839','Jacob\'s Ladder (1990)','Dir0834','PC0834','G0014',21,1);
insert into movie values('M00000840',"'Good Night, and Good Luck. (2005)'",'Dir0835','PC0835','G0015',22,1);
insert into movie values('M00000841','Christmas Vacation (1989)','Dir0836','PC0836','G0016',19,1);
insert into movie values('M00000842','Rudy (1993)','Dir0837','PC0837','G0017',21,1);
insert into movie values('M00000843','42 (2013)','Dir0838','PC0838','G0018',22,1);
insert into movie values('M00000844','Straw Dogs (1971)','Dir0839','PC0839','G0019',18,1);
insert into movie values('M00000845','The Wind That Shakes the Barley (2006)','Dir0840','PC0840','G0020',23,1);
insert into movie values('M00000846','Sleepers (1996)','Dir0841','PC0841','G0021',20,1);
insert into movie values('M00000847','Elizabeth (1998)','Dir0842','PC0842','G0022',19,1);
insert into movie values('M00000848','Green Street Hooligans (2005)','Dir0843','PC0843','G0023',21,1);
insert into movie values('M00000849','Gangs of New York (2002)','Dir0844','PC0844','G0024',22,1);
insert into movie values('M00000850','Life as a House (2001)','Dir0845','PC0845','G0025',19,1);
insert into movie values('M00000851','Reign Over Me (2007)','Dir0846','PC0846','G0026',21,1);
insert into movie values('M00000852','RoboCop (1987)','Dir0847','PC0847','G0027',22,1);
insert into movie values('M00000853','The Life of David Gale (2003)','Dir0848','PC0848','G0028',18,1);
insert into movie values('M00000854','Despicable Me 2 (2013)','Dir0849','PC0849','G0029',23,1);
insert into movie values('M00000855','Jackie Brown (1997)','Dir0850','PC0850','G0030',20,1);
insert into movie values('M00000856','Cloud Atlas (2012)','Dir0851','PC0851','G0031',19,1);
insert into movie values('M00000857','Pinocchio (1940)','Dir0852','PC0852','G0032',21,1);
insert into movie values('M00000858','American Splendor (2003)','Dir0853','PC0853','G0033',22,1);
insert into movie values('M00000859','Menace II Society (1993)','Dir0854','PC0854','G0001',19,1);
insert into movie values('M00000860','Marathon Man (1976)','Dir0855','PC0855','G0002',21,1);
insert into movie values('M00000861','Perfume: The Story of a Murderer (2006)','Dir0856','PC0856','G0003',22,1);
insert into movie values('M00000862','The Class (2008)','Dir0857','PC0857','G0004',18,1);
insert into movie values('M00000863','Bullets Over Broadway (1994)','Dir0858','PC0858','G0005',23,1);
insert into movie values('M00000864','The Painted Veil (2006)','Dir0859','PC0859','G0006',20,1);
insert into movie values('M00000865','The Conjuring (2013)','Dir0860','PC0860','G0007',19,1);
insert into movie values('M00000866','A Simple Plan (1998)','Dir0861','PC0861','G0008',21,1);
insert into movie values('M00000867','The Man Who Knew Too Much (1956)','Dir0862','PC0862','G0009',22,1);
insert into movie values('M00000868','Quiz Show (1994)','Dir0863','PC0863','G0010',19,1);
insert into movie values('M00000869','Gallipoli (1981)','Dir0864','PC0864','G0011',21,1);
insert into movie values('M00000870','Miracle (2004)','Dir0865','PC0865','G0012',22,1);
insert into movie values('M00000871','American Graffiti (1973)','Dir0866','PC0866','G0013',18,1);
insert into movie values('M00000872','The Bridges of Madison County (1995)','Dir0867','PC0867','G0014',23,1);
insert into movie values('M00000873','Scott Pilgrim vs. the World (2010)','Dir0868','PC0868','G0015',20,1);
insert into movie values('M00000874','Maria Full of Grace (2004)','Dir0869','PC0869','G0016',19,1);
insert into movie values('M00000875','The Illusionist (2010)','Dir0870','PC0870','G0017',21,1);
insert into movie values('M00000876','Pleasantville (1998)','Dir0871','PC0871','G0018',22,1);
insert into movie values('M00000877','Sherlock Holmes: A Game of Shadows (2011)','Dir0872','PC0872','G0019',19,1);
insert into movie values('M00000878','The Orphanage (2007)','Dir0873','PC0873','G0020',21,1);
insert into movie values('M00000879','Doubt (2008)','Dir0874','PC0874','G0021',22,1);
insert into movie values('M00000880','Three Days of the Condor (1975)','Dir0875','PC0875','G0022',18,1);
insert into movie values('M00000881','Malèna (2000)','Dir0876','PC0876','G0023',23,1);
insert into movie values('M00000882','The Fly (1986)','Dir0877','PC0877','G0024',20,1);
insert into movie values('M00000883','[Rec] (2007)','Dir0878','PC0878','G0025',19,1);
insert into movie values('M00000884','To Catch a Thief (1955)','Dir0879','PC0879','G0026',21,1);
insert into movie values('M00000885','Everything Is Illuminated (2005)','Dir0880','PC0880','G0027',22,1);
insert into movie values('M00000886','X2 (2003)','Dir0881','PC0881','G0028',19,1);
insert into movie values('M00000887','A Nightmare on Elm Street (1984)','Dir0882','PC0882','G0029',21,1);
insert into movie values('M00000888','Best in Show (2000)','Dir0883','PC0883','G0030',22,1);
insert into movie values('M00000889','A Perfect World (1993)','Dir0884','PC0884','G0031',18,1);
insert into movie values('M00000890','The Ice Storm (1997)','Dir0885','PC0885','G0032',23,1);
insert into movie values('M00000891','Felon (2008)','Dir0886','PC0886','G0033',20,1);
insert into movie values('M00000892','We Need to Talk About Kevin (2011)','Dir0887','PC0887','G0001',19,1);
insert into movie values('M00000893','Rust and Bone (2012)','Dir0888','PC0888','G0002',21,1);
insert into movie values('M00000894','Legends of the Fall (1994)','Dir0889','PC0889','G0003',22,1);
insert into movie values('M00000895','Freedom Writers (2007)','Dir0890','PC0890','G0004',19,1);
insert into movie values('M00000896','The Constant Gardener (2005)','Dir0891','PC0891','G0005',21,1);
insert into movie values('M00000897','Buffalo \'66 (1998)','Dir0892','PC0892','G0006',22,1);
insert into movie values('M00000898','The Texas Chain Saw Massacre (1974)','Dir0893','PC0893','G0007',18,1);
insert into movie values('M00000899','My Cousin Vinny (1992)','Dir0894','PC0894','G0008',23,1);
insert into movie values('M00000900','A History of Violence (2005)','Dir0895','PC0895','G0009',20,1);
insert into movie values('M00000901','Calvary (2014)','Dir0896','PC0896','G0010',19,1);
insert into movie values('M00000902','Open Range (2003)','Dir0897','PC0897','G0011',21,1);
insert into movie values('M00000903','Pi (1998)','Dir0898','PC0898','G0012',22,1);
insert into movie values('M00000904','The Devil\'s Backbone (2001)','Dir0899','PC0899','G0013',19,1);
insert into movie values('M00000905','Mulan (1998)','Dir0900','PC0900','G0014',21,1);
insert into movie values('M00000906','Total Recall (1990)','Dir0901','PC0901','G0015',22,1);
insert into movie values('M00000907','The Aviator (2004)','Dir0902','PC0902','G0016',18,1);
insert into movie values('M00000908',"'The Adventures of Priscilla, Queen of the Desert (1994)'",'Dir0903','PC0903','G0017',23,1);
insert into movie values('M00000909','Devil\'s Advocate (1997)','Dir0904','PC0904','G0018',20,1);
insert into movie values('M00000910','Fruitvale Station (2013)','Dir0905','PC0905','G0019',19,1);
insert into movie values('M00000911','In the Bedroom (2001)','Dir0906','PC0906','G0020',21,1);
insert into movie values('M00000912','Source Code (2011)','Dir0907','PC0907','G0021',22,1);
insert into movie values('M00000913','The Mission (1986)','Dir0908','PC0908','G0022',19,1);
insert into movie values('M00000914','Harry Potter and the Half-Blood Prince (2009)','Dir0909','PC0909','G0023',21,1);
insert into movie values('M00000915','Biutiful (2010)','Dir0910','PC0910','G0024',22,1);
insert into movie values('M00000916','From Russia with Love (1963)','Dir0911','PC0911','G0025',18,1);
insert into movie values('M00000917','In the Loop (2009)','Dir0912','PC0912','G0026',23,1);
insert into movie values('M00000918','Heavenly Creatures (1994)','Dir0913','PC0913','G0027',20,1);
insert into movie values('M00000919','Babel (2006)','Dir0914','PC0914','G0028',19,1);
insert into movie values('M00000920','The Three Burials of Melquiades Estrada (2005)','Dir0915','PC0915','G0029',21,1);
insert into movie values('M00000921','Frenzy (1972)','Dir0916','PC0916','G0030',22,1);
insert into movie values('M00000922','Sweeney Todd: The Demon Barber of Fleet Street (2007)','Dir0917','PC0917','G0031',19,1);
insert into movie values('M00000923','The Judge (2014)','Dir0918','PC0918','G0032',21,1);
insert into movie values('M00000924','Looper (2012)','Dir0919','PC0919','G0033',22,1);
insert into movie values('M00000925','Dracula (1992)','Dir0920','PC0920','G0001',18,1);
insert into movie values('M00000926','The Proposition (2005)','Dir0921','PC0921','G0002',23,1);
insert into movie values('M00000927','Bullitt (1968)','Dir0922','PC0922','G0003',20,1);
insert into movie values('M00000928','Smoke (1995)','Dir0923','PC0923','G0004',19,1);
insert into movie values('M00000929','2046 (2004)','Dir0924','PC0924','G0005',21,1);
insert into movie values('M00000930','Transamerica (2005)','Dir0925','PC0925','G0006',22,1);
insert into movie values('M00000931','Harry Potter and the Sorcerer\'s Stone (2001)','Dir0926','PC0926','G0007',19,1);
insert into movie values('M00000932','Suspiria (1977)','Dir0927','PC0927','G0008',21,1);
insert into movie values('M00000933','Up in the Air (2009)','Dir0928','PC0928','G0009',22,1);
insert into movie values('M00000934','Bad Education (2004)','Dir0929','PC0929','G0010',18,1);
insert into movie values('M00000935','Inside Llewyn Davis (2013)','Dir0930','PC0930','G0011',23,1);
insert into movie values('M00000936','Ghost World (2001)','Dir0931','PC0931','G0012',20,1);
insert into movie values('M00000937','Begin Again (2013)','Dir0932','PC0932','G0013',19,1);
insert into movie values('M00000938','Witness (1985)','Dir0933','PC0933','G0014',21,1);
insert into movie values('M00000939','Mud (2012)','Dir0934','PC0934','G0015',22,1);
insert into movie values('M00000940','Running Scared (2006)','Dir0935','PC0935','G0016',19,1);
insert into movie values('M00000941','Across the Universe (2007)','Dir0936','PC0936','G0017',21,1);
insert into movie values('M00000942','Trading Places (1983)','Dir0937','PC0937','G0018',22,1);
insert into movie values('M00000943','Notes on a Scandal (2006)','Dir0938','PC0938','G0019',18,1);
insert into movie values('M00000944','Clerks II (2006)','Dir0939','PC0939','G0020',23,1);
insert into movie values('M00000945','Les Misérables (1998)','Dir0940','PC0940','G0021',20,1);
insert into movie values('M00000946','Brick (2005)','Dir0941','PC0941','G0022',19,1);
insert into movie values('M00000947','Say Anything... (1989)','Dir0942','PC0942','G0023',21,1);
insert into movie values('M00000948','Man on the Moon (1999)','Dir0943','PC0943','G0024',22,1);
insert into movie values('M00000949','Mean Streets (1973)','Dir0944','PC0944','G0025',19,1);
insert into movie values('M00000950','Beetlejuice (1988)','Dir0945','PC0945','G0026',21,1);
insert into movie values('M00000951',"'Crazy, Stupid, Love. (2011)'",'Dir0946','PC0946','G0027',22,1);
insert into movie values('M00000952','Harry Potter and the Order of the Phoenix (2007)','Dir0947','PC0947','G0028',18,1);
insert into movie values('M00000953','Excalibur (1981)','Dir0948','PC0948','G0029',23,1);
insert into movie values('M00000954','Much Ado About Nothing (1993)','Dir0949','PC0949','G0030',20,1);
insert into movie values('M00000955','Labyrinth (1986)','Dir0950','PC0950','G0031',19,1);
insert into movie values('M00000956','Predestination (2014)','Dir0951','PC0951','G0032',21,1);
insert into movie values('M00000957','True Grit (1969)','Dir0952','PC0952','G0033',22,1);
insert into movie values('M00000958','Raising Arizona (1987)','Dir0953','PC0953','G0001',19,1);
insert into movie values('M00000959','Alice in Wonderland (1951)','Dir0954','PC0954','G0002',21,1);
insert into movie values('M00000960','The Bucket List (2007)','Dir0955','PC0955','G0003',22,1);
insert into movie values('M00000961','A Bridge Too Far (1977)','Dir0956','PC0956','G0004',18,1);
insert into movie values('M00000962','Terms of Endearment (1983)','Dir0957','PC0957','G0005',23,1);
insert into movie values('M00000963','Take Shelter (2011)','Dir0958','PC0958','G0006',20,1);
insert into movie values('M00000964','Eraserhead (1977)','Dir0959','PC0959','G0007',19,1);
insert into movie values('M00000965','Frances Ha (2012)','Dir0960','PC0960','G0008',21,1);
insert into movie values('M00000966','Far from Heaven (2002)','Dir0961','PC0961','G0009',22,1);
insert into movie values('M00000967','Sleepy Hollow (1999)','Dir0962','PC0962','G0010',19,1);
insert into movie values('M00000968','Bound (1996)','Dir0963','PC0963','G0011',21,1);
insert into movie values('M00000969','The NeverEnding Story (1984)','Dir0964','PC0964','G0012',22,1);
insert into movie values('M00000970','Pirate Radio (2009)','Dir0965','PC0965','G0013',18,1);
insert into movie values('M00000971','Home Alone (1990)','Dir0966','PC0966','G0014',23,1);
insert into movie values('M00000972','Zero Dark Thirty (2012)','Dir0967','PC0967','G0015',20,1);
insert into movie values('M00000973','X-Men (2000)','Dir0968','PC0968','G0016',19,1);
insert into movie values('M00000974','National Lampoon\'s Vacation (1983)','Dir0969','PC0969','G0017',21,1);
insert into movie values('M00000975','My Sister\'s Keeper (2009)','Dir0970','PC0970','G0018',22,1);
insert into movie values('M00000976','The Way Way Back (2013)','Dir0971','PC0971','G0019',19,1);
insert into movie values('M00000977','Driving Miss Daisy (1989)','Dir0972','PC0972','G0020',21,1);
insert into movie values('M00000978','Capote (2005)','Dir0973','PC0973','G0021',22,1);
insert into movie values('M00000979','Lincoln (2012)','Dir0974','PC0974','G0022',18,1);
insert into movie values('M00000980','La Femme Nikita (1990)','Dir0975','PC0975','G0023',23,1);
insert into movie values('M00000981','The Simpsons Movie (2007)','Dir0976','PC0976','G0024',20,1);
insert into movie values('M00000982','Grosse Pointe Blank (1997)','Dir0977','PC0977','G0025',19,1);
insert into movie values('M00000983','Deconstructing Harry (1997)','Dir0978','PC0978','G0026',21,1);
insert into movie values('M00000984','Limitless (2011)','Dir0979','PC0979','G0027',22,1);
insert into movie values('M00000985','The Rock (1996)','Dir0980','PC0980','G0028',19,1);
insert into movie values('M00000986','The English Patient (1996)','Dir0981','PC0981','G0029',21,1);
insert into movie values('M00000987','Wonder Boys (2000)','Dir0982','PC0982','G0030',22,1);
insert into movie values('M00000988','Death at a Funeral (2007)','Dir0983','PC0983','G0031',18,1);
insert into movie values('M00000989','Law Abiding Citizen (2009)','Dir0984','PC0984','G0032',23,1);
insert into movie values('M00000990','Frida (2002)','Dir0985','PC0985','G0033',20,1);
insert into movie values('M00000991','Blue Valentine (2010)','Dir0986','PC0986','G0001',19,1);
insert into movie values('M00000992','The Cider House Rules (1999)','Dir0987','PC0987','G0002',21,1);
insert into movie values('M00000993','Tootsie (1982)','Dir0988','PC0988','G0003',22,1);
insert into movie values('M00000994','Back to the Future Part III (1990)','Dir0989','PC0989','G0004',19,1);
insert into movie values('M00000995','Master and Commander: The Far Side of the World (2003)','Dir0990','PC0990','G0005',21,1);
insert into movie values('M00000996','Poltergeist (1982)','Dir0991','PC0991','G0006',22,1);
insert into movie values('M00000997','The Queen (2006)','Dir0992','PC0992','G0007',18,1);
insert into movie values('M00000998','Dawn of the Dead (2004)','Dir0993','PC0993','G0008',23,1);
insert into movie values('M00000999','Wall Street (1987)','Dir0994','PC0994','G0009',20,1);
insert into movie values('M00001000','Bambi (1942)','Dir0995','PC0995','G0010',19,1);
